# 'live' uses only features available at gate closure (NWP reconstruction). 'original' is an UPPER BOUND using TSO DA_FORECAST series that are NOT available at gate closure -- reference line, never a live candidate.
period,day_type,candidate,n,mae,rmse,wape,mae_per_day_mean,mae_per_day_std,mae_per_day_p05,mae_per_day_p50,mae_per_day_p95,resolution
full,overall,original,10271,14.58316032477664,26.0417734386174,0.1491571966893272,14.58277827752511,10.55061443895541,4.559941194556971,11.307814203379117,33.74596614479142,hourly
full,overall,live,10271,15.420005663851496,27.345382382690648,0.1577164871352304,15.419368086953748,11.27320815209347,5.021334417583622,12.188154190980754,35.96473085478367,hourly
full,overall,baseline,10271,26.890705506373436,42.54904863763157,0.2750393029358915,26.89201963265814,18.2660007323768,6.973794334510929,21.43474274148576,62.98450617343557,hourly
full,n23,original,23,10.658770957027349,12.634383977546683,0.1539255889102873,10.658770957027349,,10.658770957027349,10.658770957027349,10.658770957027349,hourly
full,n23,live,23,8.870815770169276,11.296607582476586,0.1281053460143759,8.870815770169276,,8.870815770169276,8.870815770169276,8.870815770169276,hourly
full,n23,baseline,23,40.38941070291798,47.0862912846505,0.5832721101945862,40.38941070291798,,40.38941070291798,40.38941070291798,40.38941070291798,hourly
full,n24,original,10248,14.591967990219484,26.06410862142429,0.1491496219919818,14.591967990219482,10.561275450911706,4.558023610621761,11.308216148847478,33.746034675895466,hourly
full,n24,live,10248,15.434704275049262,27.37081986587538,0.157763525093026,15.434704275049262,11.281960947736843,5.018707037668653,12.203804505529156,35.99346748804731,hourly
full,n24,baseline,10248,26.860409817505307,42.5383212272469,0.2745496682500861,26.86040981750531,18.275703490613456,6.970015693575872,21.39307194844481,62.99067920612339,hourly
post_changeover,overall,original,5879,16.64836096074848,28.48745858222272,0.1575713629839704,16.647342322992746,11.336783072829494,5.146767030606259,12.595479692965446,37.35277939950552,hourly
post_changeover,overall,live,5879,17.560398214656388,30.0029288955924,0.1662035012184339,17.55892039451277,12.172314230365895,5.68835218635463,13.53646091509321,41.844788040862085,hourly
post_changeover,overall,baseline,5879,28.85877605330312,45.28059681066566,0.2731390007394278,28.86073704559047,18.90792252532372,7.505436589968805,23.414909026663604,64.59182946267521,hourly
post_changeover,n23,original,23,10.658770957027349,12.634383977546683,0.1539255889102873,10.658770957027349,,10.658770957027349,10.658770957027349,10.658770957027349,hourly
post_changeover,n23,live,23,8.870815770169276,11.296607582476586,0.1281053460143759,8.870815770169276,,8.870815770169276,8.870815770169276,8.870815770169276,hourly
post_changeover,n23,baseline,23,40.38941070291798,47.0862912846505,0.5832721101945862,40.38941070291798,,40.38941070291798,40.38941070291798,40.38941070291798,hourly
post_changeover,n24,original,5856,16.671885648263096,28.53236278444046,0.1575807349612074,16.671885648263096,11.353561603041433,5.142941411640826,12.622762299303286,37.36648876680002,hourly
post_changeover,n24,live,5856,17.594527380678112,30.053453296030685,0.1663014379079065,17.594527380678116,12.18454200303597,5.688036758456253,13.544697251138922,42.05829667387884,hourly
post_changeover,n24,baseline,5856,28.81348838306044,45.27336278735437,0.2723417597740005,28.81348838306044,18.93228906438772,7.493852276309936,23.354841355601565,64.66296801242078,hourly
full,overall,original,29276,16.543450250534313,28.718348763320325,0.1588730405057236,16.543176215297123,11.290329139595293,6.0059701511689045,13.177303685078739,37.313771556570046,quarterhourly
full,overall,live,29276,17.357875352524037,30.020694034015218,0.1666942743026525,17.35728650336629,11.998327436942835,6.2624618115360375,13.895616173480127,37.41264907149086,quarterhourly
full,overall,baseline,29276,28.165395204262882,45.168511274291035,0.27048299510569423,28.167096088738415,18.76543032739833,8.024,22.7325,65.06964583333335,quarterhourly
full,spring_dst,original,92,14.53751231428132,17.456052659243348,0.20994972527586936,14.537512314281324,,14.537512314281324,14.537512314281324,14.537512314281324,quarterhourly
full,spring_dst,live,92,13.047499517816,16.504937858160684,0.18843106578912147,13.047499517816,,13.047499517816,13.047499517816,13.047499517816,quarterhourly
full,spring_dst,baseline,92,40.61586956521739,48.52874820324457,0.5865715173758386,40.61586956521739,,40.61586956521739,40.61586956521739,40.61586956521739,quarterhourly
full,normal,original,29184,16.549773793918888,28.746876420933862,0.15876608425566183,16.549773793918888,11.3083557751512,6.005403382520185,13.17601718803597,37.340978104192125,quarterhourly
full,normal,live,29184,17.371463434239807,30.05369193377887,0.1666487567496588,17.37146343423981,12.01555131853259,6.2610455175087765,13.962272633986315,37.42602224343173,quarterhourly
full,normal,baseline,29184,28.12614617598684,45.15752306668546,0.26982109539192617,28.126146175986843,18.78271591337086,8.021177083333333,22.495520833333337,65.15257291666661,quarterhourly
post_changeover,overall,original,23516,17.668190436077474,30.13309421498855,0.16724333043489473,17.667658007825473,11.09168155901898,6.400497994125196,14.016936733507173,37.490166005528586,quarterhourly
post_changeover,overall,live,23516,18.57517419144207,31.568284185153335,0.17582864563433848,18.574234110715263,11.875706644114386,7.085669874120841,14.806306349345759,42.03807226426922,quarterhourly
post_changeover,overall,baseline,23516,29.238117026705225,46.728173052917576,0.27676179317189814,29.240052018633538,18.846143804191648,8.276125,24.002083333333335,65.06964583333331,quarterhourly
post_changeover,spring_dst,original,92,14.53751231428132,17.456052659243348,0.20994972527586936,14.537512314281324,,14.537512314281324,14.537512314281324,14.537512314281324,quarterhourly
post_changeover,spring_dst,live,92,13.047499517816,16.504937858160684,0.18843106578912147,13.047499517816,,13.047499517816,13.047499517816,13.047499517816,quarterhourly
post_changeover,spring_dst,baseline,92,40.61586956521739,48.52874820324457,0.5865715173758386,40.61586956521739,,40.61586956521739,40.61586956521739,40.61586956521739,quarterhourly
post_changeover,normal,original,23424,17.68048647378262,30.172385463129263,0.1671335401616623,17.68048647378262,11.112659074726954,6.383822070450445,13.999364718588925,37.49401709665929,quarterhourly
post_changeover,normal,live,23424,18.596884662325504,31.61329956843492,0.17579624713389524,18.596884662325508,11.894812931416714,7.085400985778638,14.827260741519861,42.26347965076919,quarterhourly
post_changeover,normal,baseline,23424,29.193429815573772,46.72096431454014,0.27596532944797403,29.193429815573772,18.870719111066297,8.273890625,23.93609375,65.15257291666666,quarterhourly
