calendar_date,resolution_minutes,n_points,expected_points,deviation,n_non_null,is_dst_transition_day
2020-01-01,60,24,24,0,24,False
2020-01-02,60,24,24,0,24,False
2020-01-03,60,24,24,0,24,False
2020-01-04,60,24,24,0,24,False
2020-01-05,60,24,24,0,24,False
2020-01-06,60,24,24,0,24,False
2020-01-07,60,24,24,0,24,False
2020-01-08,60,24,24,0,24,False
2020-01-09,60,24,24,0,24,False
2020-01-10,60,24,24,0,24,False
2020-01-11,60,24,24,0,24,False
2020-01-12,60,24,24,0,24,False
2020-01-13,60,24,24,0,24,False
2020-01-14,60,24,24,0,24,False
2020-01-15,60,24,24,0,24,False
2020-01-16,60,24,24,0,24,False
2020-01-17,60,24,24,0,24,False
2020-01-18,60,24,24,0,24,False
2020-01-19,60,24,24,0,24,False
2020-01-20,60,24,24,0,24,False
2020-01-21,60,24,24,0,24,False
2020-01-22,60,24,24,0,24,False
2020-01-23,60,24,24,0,24,False
2020-01-24,60,24,24,0,24,False
2020-01-25,60,24,24,0,24,False
2020-01-26,60,24,24,0,24,False
2020-01-27,60,24,24,0,24,False
2020-01-28,60,24,24,0,24,False
2020-01-29,60,24,24,0,24,False
2020-01-30,60,24,24,0,24,False
2020-01-31,60,24,24,0,24,False
2020-02-01,60,24,24,0,24,False
2020-02-02,60,24,24,0,24,False
2020-02-03,60,24,24,0,24,False
2020-02-04,60,24,24,0,24,False
2020-02-05,60,24,24,0,24,False
2020-02-06,60,24,24,0,24,False
2020-02-07,60,24,24,0,24,False
2020-02-08,60,24,24,0,24,False
2020-02-09,60,24,24,0,24,False
2020-02-10,60,24,24,0,24,False
2020-02-11,60,24,24,0,24,False
2020-02-12,60,24,24,0,24,False
2020-02-13,60,24,24,0,24,False
2020-02-14,60,24,24,0,24,False
2020-02-15,60,24,24,0,24,False
2020-02-16,60,24,24,0,24,False
2020-02-17,60,24,24,0,24,False
2020-02-18,60,24,24,0,24,False
2020-02-19,60,24,24,0,24,False
2020-02-20,60,24,24,0,24,False
2020-02-21,60,24,24,0,24,False
2020-02-22,60,24,24,0,24,False
2020-02-23,60,24,24,0,24,False
2020-02-24,60,24,24,0,24,False
2020-02-25,60,24,24,0,24,False
2020-02-26,60,24,24,0,24,False
2020-02-27,60,24,24,0,24,False
2020-02-28,60,24,24,0,24,False
2020-02-29,60,24,24,0,24,False
2020-03-01,60,24,24,0,24,False
2020-03-02,60,24,24,0,24,False
2020-03-03,60,24,24,0,24,False
2020-03-04,60,24,24,0,24,False
2020-03-05,60,24,24,0,24,False
2020-03-06,60,24,24,0,24,False
2020-03-07,60,24,24,0,24,False
2020-03-08,60,24,24,0,24,False
2020-03-09,60,24,24,0,24,False
2020-03-10,60,24,24,0,24,False
2020-03-11,60,24,24,0,24,False
2020-03-12,60,24,24,0,24,False
2020-03-13,60,24,24,0,24,False
2020-03-14,60,24,24,0,24,False
2020-03-15,60,24,24,0,24,False
2020-03-16,60,24,24,0,24,False
2020-03-17,60,24,24,0,24,False
2020-03-18,60,24,24,0,24,False
2020-03-19,60,24,24,0,24,False
2020-03-20,60,24,24,0,24,False
2020-03-21,60,24,24,0,24,False
2020-03-22,60,24,24,0,24,False
2020-03-23,60,24,24,0,24,False
2020-03-24,60,24,24,0,24,False
2020-03-25,60,24,24,0,24,False
2020-03-26,60,24,24,0,24,False
2020-03-27,60,24,24,0,24,False
2020-03-28,60,24,24,0,24,False
2020-03-29,60,23,23,0,23,True
2020-03-30,60,24,24,0,24,False
2020-03-31,60,24,24,0,24,False
2020-04-01,60,24,24,0,24,False
2020-04-02,60,24,24,0,24,False
2020-04-03,60,24,24,0,24,False
2020-04-04,60,24,24,0,24,False
2020-04-05,60,24,24,0,24,False
2020-04-06,60,24,24,0,24,False
2020-04-07,60,24,24,0,24,False
2020-04-08,60,24,24,0,24,False
2020-04-09,60,24,24,0,24,False
2020-04-10,60,24,24,0,24,False
2020-04-11,60,24,24,0,24,False
2020-04-12,60,24,24,0,24,False
2020-04-13,60,24,24,0,24,False
2020-04-14,60,24,24,0,24,False
2020-04-15,60,24,24,0,24,False
2020-04-16,60,24,24,0,24,False
2020-04-17,60,24,24,0,24,False
2020-04-18,60,24,24,0,24,False
2020-04-19,60,24,24,0,24,False
2020-04-20,60,24,24,0,24,False
2020-04-21,60,24,24,0,24,False
2020-04-22,60,24,24,0,24,False
2020-04-23,60,24,24,0,24,False
2020-04-24,60,24,24,0,24,False
2020-04-25,60,24,24,0,24,False
2020-04-26,60,24,24,0,24,False
2020-04-27,60,24,24,0,24,False
2020-04-28,60,24,24,0,24,False
2020-04-29,60,24,24,0,24,False
2020-04-30,60,24,24,0,24,False
2020-05-01,60,24,24,0,24,False
2020-05-02,60,24,24,0,24,False
2020-05-03,60,24,24,0,24,False
2020-05-04,60,24,24,0,24,False
2020-05-05,60,24,24,0,24,False
2020-05-06,60,24,24,0,24,False
2020-05-07,60,24,24,0,24,False
2020-05-08,60,24,24,0,24,False
2020-05-09,60,24,24,0,24,False
2020-05-10,60,24,24,0,24,False
2020-05-11,60,24,24,0,24,False
2020-05-12,60,24,24,0,24,False
2020-05-13,60,24,24,0,24,False
2020-05-14,60,24,24,0,24,False
2020-05-15,60,24,24,0,24,False
2020-05-16,60,24,24,0,24,False
2020-05-17,60,24,24,0,24,False
2020-05-18,60,24,24,0,24,False
2020-05-19,60,24,24,0,24,False
2020-05-20,60,24,24,0,24,False
2020-05-21,60,24,24,0,24,False
2020-05-22,60,24,24,0,24,False
2020-05-23,60,24,24,0,24,False
2020-05-24,60,24,24,0,24,False
2020-05-25,60,24,24,0,24,False
2020-05-26,60,24,24,0,24,False
2020-05-27,60,24,24,0,24,False
2020-05-28,60,24,24,0,24,False
2020-05-29,60,24,24,0,24,False
2020-05-30,60,24,24,0,24,False
2020-05-31,60,24,24,0,24,False
2020-06-01,60,24,24,0,24,False
2020-06-02,60,24,24,0,24,False
2020-06-03,60,24,24,0,24,False
2020-06-04,60,24,24,0,24,False
2020-06-05,60,24,24,0,24,False
2020-06-06,60,24,24,0,24,False
2020-06-07,60,24,24,0,24,False
2020-06-08,60,24,24,0,24,False
2020-06-09,60,24,24,0,24,False
2020-06-10,60,24,24,0,24,False
2020-06-11,60,24,24,0,24,False
2020-06-12,60,24,24,0,24,False
2020-06-13,60,24,24,0,24,False
2020-06-14,60,24,24,0,24,False
2020-06-15,60,24,24,0,24,False
2020-06-16,60,24,24,0,24,False
2020-06-17,60,24,24,0,24,False
2020-06-18,60,24,24,0,24,False
2020-06-19,60,24,24,0,24,False
2020-06-20,60,24,24,0,24,False
2020-06-21,60,24,24,0,24,False
2020-06-22,60,24,24,0,24,False
2020-06-23,60,24,24,0,24,False
2020-06-24,60,24,24,0,24,False
2020-06-25,60,24,24,0,24,False
2020-06-26,60,24,24,0,24,False
2020-06-27,60,24,24,0,24,False
2020-06-28,60,24,24,0,24,False
2020-06-29,60,24,24,0,24,False
2020-06-30,60,24,24,0,24,False
2020-07-01,60,24,24,0,24,False
2020-07-02,60,24,24,0,24,False
2020-07-03,60,24,24,0,24,False
2020-07-04,60,24,24,0,24,False
2020-07-05,60,24,24,0,24,False
2020-07-06,60,24,24,0,24,False
2020-07-07,60,24,24,0,24,False
2020-07-08,60,24,24,0,24,False
2020-07-09,60,24,24,0,24,False
2020-07-10,60,24,24,0,24,False
2020-07-11,60,24,24,0,24,False
2020-07-12,60,24,24,0,24,False
2020-07-13,60,24,24,0,24,False
2020-07-14,60,24,24,0,24,False
2020-07-15,60,24,24,0,24,False
2020-07-16,60,24,24,0,24,False
2020-07-17,60,24,24,0,24,False
2020-07-18,60,24,24,0,24,False
2020-07-19,60,24,24,0,24,False
2020-07-20,60,24,24,0,24,False
2020-07-21,60,24,24,0,24,False
2020-07-22,60,24,24,0,24,False
2020-07-23,60,24,24,0,24,False
2020-07-24,60,24,24,0,24,False
2020-07-25,60,24,24,0,24,False
2020-07-26,60,24,24,0,24,False
2020-07-27,60,24,24,0,24,False
2020-07-28,60,24,24,0,24,False
2020-07-29,60,24,24,0,24,False
2020-07-30,60,24,24,0,24,False
2020-07-31,60,24,24,0,24,False
2020-08-01,60,24,24,0,24,False
2020-08-02,60,24,24,0,24,False
2020-08-03,60,24,24,0,24,False
2020-08-04,60,24,24,0,24,False
2020-08-05,60,24,24,0,24,False
2020-08-06,60,24,24,0,24,False
2020-08-07,60,24,24,0,24,False
2020-08-08,60,24,24,0,24,False
2020-08-09,60,24,24,0,24,False
2020-08-10,60,24,24,0,24,False
2020-08-11,60,24,24,0,24,False
2020-08-12,60,24,24,0,24,False
2020-08-13,60,24,24,0,24,False
2020-08-14,60,24,24,0,24,False
2020-08-15,60,24,24,0,24,False
2020-08-16,60,24,24,0,24,False
2020-08-17,60,24,24,0,24,False
2020-08-18,60,24,24,0,24,False
2020-08-19,60,24,24,0,24,False
2020-08-20,60,24,24,0,24,False
2020-08-21,60,24,24,0,24,False
2020-08-22,60,24,24,0,24,False
2020-08-23,60,24,24,0,24,False
2020-08-24,60,24,24,0,24,False
2020-08-25,60,24,24,0,24,False
2020-08-26,60,24,24,0,24,False
2020-08-27,60,24,24,0,24,False
2020-08-28,60,24,24,0,24,False
2020-08-29,60,24,24,0,24,False
2020-08-30,60,24,24,0,24,False
2020-08-31,60,24,24,0,24,False
2020-09-01,60,24,24,0,24,False
2020-09-02,60,24,24,0,24,False
2020-09-03,60,24,24,0,24,False
2020-09-04,60,24,24,0,24,False
2020-09-05,60,24,24,0,24,False
2020-09-06,60,24,24,0,24,False
2020-09-07,60,24,24,0,24,False
2020-09-08,60,24,24,0,24,False
2020-09-09,60,24,24,0,24,False
2020-09-10,60,24,24,0,24,False
2020-09-11,60,24,24,0,24,False
2020-09-12,60,24,24,0,24,False
2020-09-13,60,24,24,0,24,False
2020-09-14,60,24,24,0,24,False
2020-09-15,60,24,24,0,24,False
2020-09-16,60,24,24,0,24,False
2020-09-17,60,24,24,0,24,False
2020-09-18,60,24,24,0,24,False
2020-09-19,60,24,24,0,24,False
2020-09-20,60,24,24,0,24,False
2020-09-21,60,24,24,0,24,False
2020-09-22,60,24,24,0,24,False
2020-09-23,60,24,24,0,24,False
2020-09-24,60,24,24,0,24,False
2020-09-25,60,24,24,0,24,False
2020-09-26,60,24,24,0,24,False
2020-09-27,60,24,24,0,24,False
2020-09-28,60,24,24,0,24,False
2020-09-29,60,24,24,0,24,False
2020-09-30,60,24,24,0,24,False
2020-10-01,60,24,24,0,24,False
2020-10-02,60,24,24,0,24,False
2020-10-03,60,24,24,0,24,False
2020-10-04,60,24,24,0,24,False
2020-10-05,60,24,24,0,24,False
2020-10-06,60,24,24,0,24,False
2020-10-07,60,24,24,0,24,False
2020-10-08,60,24,24,0,24,False
2020-10-09,60,24,24,0,24,False
2020-10-10,60,24,24,0,24,False
2020-10-11,60,24,24,0,24,False
2020-10-12,60,24,24,0,24,False
2020-10-13,60,24,24,0,24,False
2020-10-14,60,24,24,0,24,False
2020-10-15,60,24,24,0,24,False
2020-10-16,60,24,24,0,24,False
2020-10-17,60,24,24,0,24,False
2020-10-18,60,24,24,0,24,False
2020-10-19,60,24,24,0,24,False
2020-10-20,60,24,24,0,24,False
2020-10-21,60,24,24,0,24,False
2020-10-22,60,24,24,0,24,False
2020-10-23,60,24,24,0,24,False
2020-10-24,60,24,24,0,24,False
2020-10-25,60,25,25,0,25,True
2020-10-26,60,24,24,0,24,False
2020-10-27,60,24,24,0,24,False
2020-10-28,60,24,24,0,24,False
2020-10-29,60,24,24,0,24,False
2020-10-30,60,24,24,0,24,False
2020-10-31,60,24,24,0,24,False
2020-11-01,60,24,24,0,24,False
2020-11-02,60,24,24,0,24,False
2020-11-03,60,24,24,0,24,False
2020-11-04,60,24,24,0,24,False
2020-11-05,60,24,24,0,24,False
2020-11-06,60,24,24,0,24,False
2020-11-07,60,24,24,0,24,False
2020-11-08,60,24,24,0,24,False
2020-11-09,60,24,24,0,24,False
2020-11-10,60,24,24,0,24,False
2020-11-11,60,24,24,0,24,False
2020-11-12,60,24,24,0,24,False
2020-11-13,60,24,24,0,24,False
2020-11-14,60,24,24,0,24,False
2020-11-15,60,24,24,0,24,False
2020-11-16,60,24,24,0,24,False
2020-11-17,60,24,24,0,24,False
2020-11-18,60,24,24,0,24,False
2020-11-19,60,24,24,0,24,False
2020-11-20,60,24,24,0,24,False
2020-11-21,60,24,24,0,24,False
2020-11-22,60,24,24,0,24,False
2020-11-23,60,24,24,0,24,False
2020-11-24,60,24,24,0,24,False
2020-11-25,60,24,24,0,24,False
2020-11-26,60,24,24,0,24,False
2020-11-27,60,24,24,0,24,False
2020-11-28,60,24,24,0,24,False
2020-11-29,60,24,24,0,24,False
2020-11-30,60,24,24,0,24,False
2020-12-01,60,24,24,0,24,False
2020-12-02,60,24,24,0,24,False
2020-12-03,60,24,24,0,24,False
2020-12-04,60,24,24,0,24,False
2020-12-05,60,24,24,0,24,False
2020-12-06,60,24,24,0,24,False
2020-12-07,60,24,24,0,24,False
2020-12-08,60,24,24,0,24,False
2020-12-09,60,24,24,0,24,False
2020-12-10,60,24,24,0,24,False
2020-12-11,60,24,24,0,24,False
2020-12-12,60,24,24,0,24,False
2020-12-13,60,24,24,0,24,False
2020-12-14,60,24,24,0,24,False
2020-12-15,60,24,24,0,24,False
2020-12-16,60,24,24,0,24,False
2020-12-17,60,24,24,0,24,False
2020-12-18,60,24,24,0,24,False
2020-12-19,60,24,24,0,24,False
2020-12-20,60,24,24,0,24,False
2020-12-21,60,24,24,0,24,False
2020-12-22,60,24,24,0,24,False
2020-12-23,60,24,24,0,24,False
2020-12-24,60,24,24,0,24,False
2020-12-25,60,24,24,0,24,False
2020-12-26,60,24,24,0,24,False
2020-12-27,60,24,24,0,24,False
2020-12-28,60,24,24,0,24,False
2020-12-29,60,24,24,0,24,False
2020-12-30,60,24,24,0,24,False
2020-12-31,60,24,24,0,24,False
2021-01-01,60,24,24,0,24,False
2021-01-02,60,24,24,0,24,False
2021-01-03,60,24,24,0,24,False
2021-01-04,60,24,24,0,24,False
2021-01-05,60,24,24,0,24,False
2021-01-06,60,24,24,0,24,False
2021-01-07,60,24,24,0,24,False
2021-01-08,60,24,24,0,24,False
2021-01-09,60,24,24,0,24,False
2021-01-10,60,24,24,0,24,False
2021-01-11,60,24,24,0,24,False
2021-01-12,60,24,24,0,24,False
2021-01-13,60,24,24,0,24,False
2021-01-14,60,24,24,0,24,False
2021-01-15,60,24,24,0,24,False
2021-01-16,60,24,24,0,24,False
2021-01-17,60,24,24,0,24,False
2021-01-18,60,24,24,0,24,False
2021-01-19,60,24,24,0,24,False
2021-01-20,60,24,24,0,24,False
2021-01-21,60,24,24,0,24,False
2021-01-22,60,24,24,0,24,False
2021-01-23,60,24,24,0,24,False
2021-01-24,60,24,24,0,24,False
2021-01-25,60,24,24,0,24,False
2021-01-26,60,24,24,0,24,False
2021-01-27,60,24,24,0,24,False
2021-01-28,60,24,24,0,24,False
2021-01-29,60,24,24,0,24,False
2021-01-30,60,24,24,0,24,False
2021-01-31,60,24,24,0,24,False
2021-02-01,60,24,24,0,24,False
2021-02-02,60,24,24,0,24,False
2021-02-03,60,24,24,0,24,False
2021-02-04,60,24,24,0,24,False
2021-02-05,60,24,24,0,24,False
2021-02-06,60,24,24,0,24,False
2021-02-07,60,24,24,0,24,False
2021-02-08,60,24,24,0,24,False
2021-02-09,60,24,24,0,24,False
2021-02-10,60,24,24,0,24,False
2021-02-11,60,24,24,0,24,False
2021-02-12,60,24,24,0,24,False
2021-02-13,60,24,24,0,24,False
2021-02-14,60,24,24,0,24,False
2021-02-15,60,24,24,0,24,False
2021-02-16,60,24,24,0,24,False
2021-02-17,60,24,24,0,24,False
2021-02-18,60,24,24,0,24,False
2021-02-19,60,24,24,0,24,False
2021-02-20,60,24,24,0,24,False
2021-02-21,60,24,24,0,24,False
2021-02-22,60,24,24,0,24,False
2021-02-23,60,24,24,0,24,False
2021-02-24,60,24,24,0,24,False
2021-02-25,60,24,24,0,24,False
2021-02-26,60,24,24,0,24,False
2021-02-27,60,24,24,0,24,False
2021-02-28,60,24,24,0,24,False
2021-03-01,60,24,24,0,24,False
2021-03-02,60,24,24,0,24,False
2021-03-03,60,24,24,0,24,False
2021-03-04,60,24,24,0,24,False
2021-03-05,60,24,24,0,24,False
2021-03-06,60,24,24,0,24,False
2021-03-07,60,24,24,0,24,False
2021-03-08,60,24,24,0,24,False
2021-03-09,60,24,24,0,24,False
2021-03-10,60,24,24,0,24,False
2021-03-11,60,24,24,0,24,False
2021-03-12,60,24,24,0,24,False
2021-03-13,60,24,24,0,24,False
2021-03-14,60,24,24,0,24,False
2021-03-15,60,24,24,0,24,False
2021-03-16,60,24,24,0,24,False
2021-03-17,60,24,24,0,24,False
2021-03-18,60,24,24,0,24,False
2021-03-19,60,24,24,0,24,False
2021-03-20,60,24,24,0,24,False
2021-03-21,60,24,24,0,24,False
2021-03-22,60,24,24,0,24,False
2021-03-23,60,24,24,0,24,False
2021-03-24,60,24,24,0,24,False
2021-03-25,60,24,24,0,24,False
2021-03-26,60,24,24,0,24,False
2021-03-27,60,24,24,0,24,False
2021-03-28,60,23,23,0,23,True
2021-03-29,60,24,24,0,24,False
2021-03-30,60,24,24,0,24,False
2021-03-31,60,24,24,0,24,False
2021-04-01,60,24,24,0,24,False
2021-04-02,60,24,24,0,24,False
2021-04-03,60,24,24,0,24,False
2021-04-04,60,24,24,0,24,False
2021-04-05,60,24,24,0,24,False
2021-04-06,60,24,24,0,24,False
2021-04-07,60,24,24,0,24,False
2021-04-08,60,24,24,0,24,False
2021-04-09,60,24,24,0,24,False
2021-04-10,60,24,24,0,24,False
2021-04-11,60,24,24,0,24,False
2021-04-12,60,24,24,0,24,False
2021-04-13,60,24,24,0,24,False
2021-04-14,60,24,24,0,24,False
2021-04-15,60,24,24,0,24,False
2021-04-16,60,24,24,0,24,False
2021-04-17,60,24,24,0,24,False
2021-04-18,60,24,24,0,24,False
2021-04-19,60,24,24,0,24,False
2021-04-20,60,24,24,0,24,False
2021-04-21,60,24,24,0,24,False
2021-04-22,60,24,24,0,24,False
2021-04-23,60,24,24,0,24,False
2021-04-24,60,24,24,0,24,False
2021-04-25,60,24,24,0,24,False
2021-04-26,60,24,24,0,24,False
2021-04-27,60,24,24,0,24,False
2021-04-28,60,24,24,0,24,False
2021-04-29,60,24,24,0,24,False
2021-04-30,60,24,24,0,24,False
2021-05-01,60,24,24,0,24,False
2021-05-02,60,24,24,0,24,False
2021-05-03,60,24,24,0,24,False
2021-05-04,60,24,24,0,24,False
2021-05-05,60,24,24,0,24,False
2021-05-06,60,24,24,0,24,False
2021-05-07,60,24,24,0,24,False
2021-05-08,60,24,24,0,24,False
2021-05-09,60,24,24,0,24,False
2021-05-10,60,24,24,0,24,False
2021-05-11,60,24,24,0,24,False
2021-05-12,60,24,24,0,24,False
2021-05-13,60,24,24,0,24,False
2021-05-14,60,24,24,0,24,False
2021-05-15,60,24,24,0,24,False
2021-05-16,60,24,24,0,24,False
2021-05-17,60,24,24,0,24,False
2021-05-18,60,24,24,0,24,False
2021-05-19,60,24,24,0,24,False
2021-05-20,60,24,24,0,24,False
2021-05-21,60,24,24,0,24,False
2021-05-22,60,24,24,0,24,False
2021-05-23,60,24,24,0,24,False
2021-05-24,60,24,24,0,24,False
2021-05-25,60,24,24,0,24,False
2021-05-26,60,24,24,0,24,False
2021-05-27,60,24,24,0,24,False
2021-05-28,60,24,24,0,24,False
2021-05-29,60,24,24,0,24,False
2021-05-30,60,24,24,0,24,False
2021-05-31,60,24,24,0,24,False
2021-06-01,60,24,24,0,24,False
2021-06-02,60,24,24,0,24,False
2021-06-03,60,24,24,0,24,False
2021-06-04,60,24,24,0,24,False
2021-06-05,60,24,24,0,24,False
2021-06-06,60,24,24,0,24,False
2021-06-07,60,24,24,0,24,False
2021-06-08,60,24,24,0,24,False
2021-06-09,60,24,24,0,24,False
2021-06-10,60,24,24,0,24,False
2021-06-11,60,24,24,0,24,False
2021-06-12,60,24,24,0,24,False
2021-06-13,60,24,24,0,24,False
2021-06-14,60,24,24,0,24,False
2021-06-15,60,24,24,0,24,False
2021-06-16,60,24,24,0,24,False
2021-06-17,60,24,24,0,24,False
2021-06-18,60,24,24,0,24,False
2021-06-19,60,24,24,0,24,False
2021-06-20,60,24,24,0,24,False
2021-06-21,60,24,24,0,24,False
2021-06-22,60,24,24,0,24,False
2021-06-23,60,24,24,0,24,False
2021-06-24,60,24,24,0,24,False
2021-06-25,60,24,24,0,24,False
2021-06-26,60,24,24,0,24,False
2021-06-27,60,24,24,0,24,False
2021-06-28,60,24,24,0,24,False
2021-06-29,60,24,24,0,24,False
2021-06-30,60,24,24,0,24,False
2021-07-01,60,24,24,0,24,False
2021-07-02,60,24,24,0,24,False
2021-07-03,60,24,24,0,24,False
2021-07-04,60,24,24,0,24,False
2021-07-05,60,24,24,0,24,False
2021-07-06,60,24,24,0,24,False
2021-07-07,60,24,24,0,24,False
2021-07-08,60,24,24,0,24,False
2021-07-09,60,24,24,0,24,False
2021-07-10,60,24,24,0,24,False
2021-07-11,60,24,24,0,24,False
2021-07-12,60,24,24,0,24,False
2021-07-13,60,24,24,0,24,False
2021-07-14,60,24,24,0,24,False
2021-07-15,60,24,24,0,24,False
2021-07-16,60,24,24,0,24,False
2021-07-17,60,24,24,0,24,False
2021-07-18,60,24,24,0,24,False
2021-07-19,60,24,24,0,24,False
2021-07-20,60,24,24,0,24,False
2021-07-21,60,24,24,0,24,False
2021-07-22,60,24,24,0,24,False
2021-07-23,60,24,24,0,24,False
2021-07-24,60,24,24,0,24,False
2021-07-25,60,24,24,0,24,False
2021-07-26,60,24,24,0,24,False
2021-07-27,60,24,24,0,24,False
2021-07-28,60,24,24,0,24,False
2021-07-29,60,24,24,0,24,False
2021-07-30,60,24,24,0,24,False
2021-07-31,60,24,24,0,24,False
2021-08-01,60,24,24,0,24,False
2021-08-02,60,24,24,0,24,False
2021-08-03,60,24,24,0,24,False
2021-08-04,60,24,24,0,24,False
2021-08-05,60,24,24,0,24,False
2021-08-06,60,24,24,0,24,False
2021-08-07,60,24,24,0,24,False
2021-08-08,60,24,24,0,24,False
2021-08-09,60,24,24,0,24,False
2021-08-10,60,24,24,0,24,False
2021-08-11,60,24,24,0,24,False
2021-08-12,60,24,24,0,24,False
2021-08-13,60,24,24,0,24,False
2021-08-14,60,24,24,0,24,False
2021-08-15,60,24,24,0,24,False
2021-08-16,60,24,24,0,24,False
2021-08-17,60,24,24,0,24,False
2021-08-18,60,24,24,0,24,False
2021-08-19,60,24,24,0,24,False
2021-08-20,60,24,24,0,24,False
2021-08-21,60,24,24,0,24,False
2021-08-22,60,24,24,0,24,False
2021-08-23,60,24,24,0,24,False
2021-08-24,60,24,24,0,24,False
2021-08-25,60,24,24,0,24,False
2021-08-26,60,24,24,0,24,False
2021-08-27,60,24,24,0,24,False
2021-08-28,60,24,24,0,24,False
2021-08-29,60,24,24,0,24,False
2021-08-30,60,24,24,0,24,False
2021-08-31,60,24,24,0,24,False
2021-09-01,60,24,24,0,24,False
2021-09-02,60,24,24,0,24,False
2021-09-03,60,24,24,0,24,False
2021-09-04,60,24,24,0,24,False
2021-09-05,60,24,24,0,24,False
2021-09-06,60,24,24,0,24,False
2021-09-07,60,24,24,0,24,False
2021-09-08,60,24,24,0,24,False
2021-09-09,60,24,24,0,24,False
2021-09-10,60,24,24,0,24,False
2021-09-11,60,24,24,0,24,False
2021-09-12,60,24,24,0,24,False
2021-09-13,60,24,24,0,24,False
2021-09-14,60,24,24,0,24,False
2021-09-15,60,24,24,0,24,False
2021-09-16,60,24,24,0,24,False
2021-09-17,60,24,24,0,24,False
2021-09-18,60,24,24,0,24,False
2021-09-19,60,24,24,0,24,False
2021-09-20,60,24,24,0,24,False
2021-09-21,60,24,24,0,24,False
2021-09-22,60,24,24,0,24,False
2021-09-23,60,24,24,0,24,False
2021-09-24,60,24,24,0,24,False
2021-09-25,60,24,24,0,24,False
2021-09-26,60,24,24,0,24,False
2021-09-27,60,24,24,0,24,False
2021-09-28,60,24,24,0,24,False
2021-09-29,60,24,24,0,24,False
2021-09-30,60,24,24,0,24,False
2021-10-01,60,24,24,0,24,False
2021-10-02,60,24,24,0,24,False
2021-10-03,60,24,24,0,24,False
2021-10-04,60,24,24,0,24,False
2021-10-05,60,24,24,0,24,False
2021-10-06,60,24,24,0,24,False
2021-10-07,60,24,24,0,24,False
2021-10-08,60,24,24,0,24,False
2021-10-09,60,24,24,0,24,False
2021-10-10,60,24,24,0,24,False
2021-10-11,60,24,24,0,24,False
2021-10-12,60,24,24,0,24,False
2021-10-13,60,24,24,0,24,False
2021-10-14,60,24,24,0,24,False
2021-10-15,60,24,24,0,24,False
2021-10-16,60,24,24,0,24,False
2021-10-17,60,24,24,0,24,False
2021-10-18,60,24,24,0,24,False
2021-10-19,60,24,24,0,24,False
2021-10-20,60,24,24,0,24,False
2021-10-21,60,24,24,0,24,False
2021-10-22,60,24,24,0,24,False
2021-10-23,60,24,24,0,24,False
2021-10-24,60,24,24,0,24,False
2021-10-25,60,24,24,0,24,False
2021-10-26,60,24,24,0,24,False
2021-10-27,60,24,24,0,24,False
2021-10-28,60,24,24,0,24,False
2021-10-29,60,24,24,0,24,False
2021-10-30,60,24,24,0,24,False
2021-10-31,60,25,25,0,25,True
2021-11-01,60,24,24,0,24,False
2021-11-02,60,24,24,0,24,False
2021-11-03,60,24,24,0,24,False
2021-11-04,60,24,24,0,24,False
2021-11-05,60,24,24,0,24,False
2021-11-06,60,24,24,0,24,False
2021-11-07,60,24,24,0,24,False
2021-11-08,60,24,24,0,24,False
2021-11-09,60,24,24,0,24,False
2021-11-10,60,24,24,0,24,False
2021-11-11,60,24,24,0,24,False
2021-11-12,60,24,24,0,24,False
2021-11-13,60,24,24,0,24,False
2021-11-14,60,24,24,0,24,False
2021-11-15,60,24,24,0,24,False
2021-11-16,60,24,24,0,24,False
2021-11-17,60,24,24,0,24,False
2021-11-18,60,24,24,0,24,False
2021-11-19,60,24,24,0,24,False
2021-11-20,60,24,24,0,24,False
2021-11-21,60,24,24,0,24,False
2021-11-22,60,24,24,0,24,False
2021-11-23,60,24,24,0,24,False
2021-11-24,60,24,24,0,24,False
2021-11-25,60,24,24,0,24,False
2021-11-26,60,24,24,0,24,False
2021-11-27,60,24,24,0,24,False
2021-11-28,60,24,24,0,24,False
2021-11-29,60,24,24,0,24,False
2021-11-30,60,24,24,0,24,False
2021-12-01,60,24,24,0,24,False
2021-12-02,60,24,24,0,24,False
2021-12-03,60,24,24,0,24,False
2021-12-04,60,24,24,0,24,False
2021-12-05,60,24,24,0,24,False
2021-12-06,60,24,24,0,24,False
2021-12-07,60,24,24,0,24,False
2021-12-08,60,24,24,0,24,False
2021-12-09,60,24,24,0,24,False
2021-12-10,60,24,24,0,24,False
2021-12-11,60,24,24,0,24,False
2021-12-12,60,24,24,0,24,False
2021-12-13,60,24,24,0,24,False
2021-12-14,60,24,24,0,24,False
2021-12-15,60,24,24,0,24,False
2021-12-16,60,24,24,0,24,False
2021-12-17,60,24,24,0,24,False
2021-12-18,60,24,24,0,24,False
2021-12-19,60,24,24,0,24,False
2021-12-20,60,24,24,0,24,False
2021-12-21,60,24,24,0,24,False
2021-12-22,60,24,24,0,24,False
2021-12-23,60,24,24,0,24,False
2021-12-24,60,24,24,0,24,False
2021-12-25,60,24,24,0,24,False
2021-12-26,60,24,24,0,24,False
2021-12-27,60,24,24,0,24,False
2021-12-28,60,24,24,0,24,False
2021-12-29,60,24,24,0,24,False
2021-12-30,60,24,24,0,24,False
2021-12-31,60,24,24,0,24,False
2022-01-01,60,24,24,0,24,False
2022-01-02,60,24,24,0,24,False
2022-01-03,60,24,24,0,24,False
2022-01-04,60,24,24,0,24,False
2022-01-05,60,24,24,0,24,False
2022-01-06,60,24,24,0,24,False
2022-01-07,60,24,24,0,24,False
2022-01-08,60,24,24,0,24,False
2022-01-09,60,24,24,0,24,False
2022-01-10,60,24,24,0,24,False
2022-01-11,60,24,24,0,24,False
2022-01-12,60,24,24,0,24,False
2022-01-13,60,24,24,0,24,False
2022-01-14,60,24,24,0,24,False
2022-01-15,60,24,24,0,24,False
2022-01-16,60,24,24,0,24,False
2022-01-17,60,24,24,0,24,False
2022-01-18,60,24,24,0,24,False
2022-01-19,60,24,24,0,24,False
2022-01-20,60,24,24,0,24,False
2022-01-21,60,24,24,0,24,False
2022-01-22,60,24,24,0,24,False
2022-01-23,60,24,24,0,24,False
2022-01-24,60,24,24,0,24,False
2022-01-25,60,24,24,0,24,False
2022-01-26,60,24,24,0,24,False
2022-01-27,60,24,24,0,24,False
2022-01-28,60,24,24,0,24,False
2022-01-29,60,24,24,0,24,False
2022-01-30,60,24,24,0,24,False
2022-01-31,60,24,24,0,24,False
2022-02-01,60,24,24,0,24,False
2022-02-02,60,24,24,0,24,False
2022-02-03,60,24,24,0,24,False
2022-02-04,60,24,24,0,24,False
2022-02-05,60,24,24,0,24,False
2022-02-06,60,24,24,0,24,False
2022-02-07,60,24,24,0,24,False
2022-02-08,60,24,24,0,24,False
2022-02-09,60,24,24,0,24,False
2022-02-10,60,24,24,0,24,False
2022-02-11,60,24,24,0,24,False
2022-02-12,60,24,24,0,24,False
2022-02-13,60,24,24,0,24,False
2022-02-14,60,24,24,0,24,False
2022-02-15,60,24,24,0,24,False
2022-02-16,60,24,24,0,24,False
2022-02-17,60,24,24,0,24,False
2022-02-18,60,24,24,0,24,False
2022-02-19,60,24,24,0,24,False
2022-02-20,60,24,24,0,24,False
2022-02-21,60,24,24,0,24,False
2022-02-22,60,24,24,0,24,False
2022-02-23,60,24,24,0,24,False
2022-02-24,60,24,24,0,24,False
2022-02-25,60,24,24,0,24,False
2022-02-26,60,24,24,0,24,False
2022-02-27,60,24,24,0,24,False
2022-02-28,60,24,24,0,24,False
2022-03-01,60,24,24,0,24,False
2022-03-02,60,24,24,0,24,False
2022-03-03,60,24,24,0,24,False
2022-03-04,60,24,24,0,24,False
2022-03-05,60,24,24,0,24,False
2022-03-06,60,24,24,0,24,False
2022-03-07,60,24,24,0,24,False
2022-03-08,60,24,24,0,24,False
2022-03-09,60,24,24,0,24,False
2022-03-10,60,24,24,0,24,False
2022-03-11,60,24,24,0,24,False
2022-03-12,60,24,24,0,24,False
2022-03-13,60,24,24,0,24,False
2022-03-14,60,24,24,0,24,False
2022-03-15,60,24,24,0,24,False
2022-03-16,60,24,24,0,24,False
2022-03-17,60,24,24,0,24,False
2022-03-18,60,24,24,0,24,False
2022-03-19,60,24,24,0,24,False
2022-03-20,60,24,24,0,24,False
2022-03-21,60,24,24,0,24,False
2022-03-22,60,24,24,0,24,False
2022-03-23,60,24,24,0,24,False
2022-03-24,60,24,24,0,24,False
2022-03-25,60,24,24,0,24,False
2022-03-26,60,24,24,0,24,False
2022-03-27,60,23,23,0,23,True
2022-03-28,60,24,24,0,24,False
2022-03-29,60,24,24,0,24,False
2022-03-30,60,24,24,0,24,False
2022-03-31,60,24,24,0,24,False
2022-04-01,60,24,24,0,24,False
2022-04-02,60,24,24,0,24,False
2022-04-03,60,24,24,0,24,False
2022-04-04,60,24,24,0,24,False
2022-04-05,60,24,24,0,24,False
2022-04-06,60,24,24,0,24,False
2022-04-07,60,24,24,0,24,False
2022-04-08,60,24,24,0,24,False
2022-04-09,60,24,24,0,24,False
2022-04-10,60,24,24,0,24,False
2022-04-11,60,24,24,0,24,False
2022-04-12,60,24,24,0,24,False
2022-04-13,60,24,24,0,24,False
2022-04-14,60,24,24,0,24,False
2022-04-15,60,24,24,0,24,False
2022-04-16,60,24,24,0,24,False
2022-04-17,60,24,24,0,24,False
2022-04-18,60,24,24,0,24,False
2022-04-19,60,24,24,0,24,False
2022-04-20,60,24,24,0,24,False
2022-04-21,60,24,24,0,24,False
2022-04-22,60,24,24,0,24,False
2022-04-23,60,24,24,0,24,False
2022-04-24,60,24,24,0,24,False
2022-04-25,60,24,24,0,24,False
2022-04-26,60,24,24,0,24,False
2022-04-27,60,24,24,0,24,False
2022-04-28,60,24,24,0,24,False
2022-04-29,60,24,24,0,24,False
2022-04-30,60,24,24,0,24,False
2022-05-01,60,24,24,0,24,False
2022-05-02,60,24,24,0,24,False
2022-05-03,60,24,24,0,24,False
2022-05-04,60,24,24,0,24,False
2022-05-05,60,24,24,0,24,False
2022-05-06,60,24,24,0,24,False
2022-05-07,60,24,24,0,24,False
2022-05-08,60,24,24,0,24,False
2022-05-09,60,24,24,0,24,False
2022-05-10,60,24,24,0,24,False
2022-05-11,60,24,24,0,24,False
2022-05-12,60,24,24,0,24,False
2022-05-13,60,24,24,0,24,False
2022-05-14,60,24,24,0,24,False
2022-05-15,60,24,24,0,24,False
2022-05-16,60,24,24,0,24,False
2022-05-17,60,24,24,0,24,False
2022-05-18,60,24,24,0,24,False
2022-05-19,60,24,24,0,24,False
2022-05-20,60,24,24,0,24,False
2022-05-21,60,24,24,0,24,False
2022-05-22,60,24,24,0,24,False
2022-05-23,60,24,24,0,24,False
2022-05-24,60,24,24,0,24,False
2022-05-25,60,24,24,0,24,False
2022-05-26,60,24,24,0,24,False
2022-05-27,60,24,24,0,24,False
2022-05-28,60,24,24,0,24,False
2022-05-29,60,24,24,0,24,False
2022-05-30,60,24,24,0,24,False
2022-05-31,60,24,24,0,24,False
2022-06-01,60,24,24,0,24,False
2022-06-02,60,24,24,0,24,False
2022-06-03,60,24,24,0,24,False
2022-06-04,60,24,24,0,24,False
2022-06-05,60,24,24,0,24,False
2022-06-06,60,24,24,0,24,False
2022-06-07,60,24,24,0,24,False
2022-06-08,60,24,24,0,24,False
2022-06-09,60,24,24,0,24,False
2022-06-10,60,24,24,0,24,False
2022-06-11,60,24,24,0,24,False
2022-06-12,60,24,24,0,24,False
2022-06-13,60,24,24,0,24,False
2022-06-14,60,24,24,0,24,False
2022-06-15,60,24,24,0,24,False
2022-06-16,60,24,24,0,24,False
2022-06-17,60,24,24,0,24,False
2022-06-18,60,24,24,0,24,False
2022-06-19,60,24,24,0,24,False
2022-06-20,60,24,24,0,24,False
2022-06-21,60,24,24,0,24,False
2022-06-22,60,24,24,0,24,False
2022-06-23,60,24,24,0,24,False
2022-06-24,60,24,24,0,24,False
2022-06-25,60,24,24,0,24,False
2022-06-26,60,24,24,0,24,False
2022-06-27,60,24,24,0,24,False
2022-06-28,60,24,24,0,24,False
2022-06-29,60,24,24,0,24,False
2022-06-30,60,24,24,0,24,False
2022-07-01,60,24,24,0,24,False
2022-07-02,60,24,24,0,24,False
2022-07-03,60,24,24,0,24,False
2022-07-04,60,24,24,0,24,False
2022-07-05,60,24,24,0,24,False
2022-07-06,60,24,24,0,24,False
2022-07-07,60,24,24,0,24,False
2022-07-08,60,24,24,0,24,False
2022-07-09,60,24,24,0,24,False
2022-07-10,60,24,24,0,24,False
2022-07-11,60,24,24,0,24,False
2022-07-12,60,24,24,0,24,False
2022-07-13,60,24,24,0,24,False
2022-07-14,60,24,24,0,24,False
2022-07-15,60,24,24,0,24,False
2022-07-16,60,24,24,0,24,False
2022-07-17,60,24,24,0,24,False
2022-07-18,60,24,24,0,24,False
2022-07-19,60,24,24,0,24,False
2022-07-20,60,24,24,0,24,False
2022-07-21,60,24,24,0,24,False
2022-07-22,60,24,24,0,24,False
2022-07-23,60,24,24,0,24,False
2022-07-24,60,24,24,0,24,False
2022-07-25,60,24,24,0,24,False
2022-07-26,60,24,24,0,24,False
2022-07-27,60,24,24,0,24,False
2022-07-28,60,24,24,0,24,False
2022-07-29,60,24,24,0,24,False
2022-07-30,60,24,24,0,24,False
2022-07-31,60,24,24,0,24,False
2022-08-01,60,24,24,0,24,False
2022-08-02,60,24,24,0,24,False
2022-08-03,60,24,24,0,24,False
2022-08-04,60,24,24,0,24,False
2022-08-05,60,24,24,0,24,False
2022-08-06,60,24,24,0,24,False
2022-08-07,60,24,24,0,24,False
2022-08-08,60,24,24,0,24,False
2022-08-09,60,24,24,0,24,False
2022-08-10,60,24,24,0,24,False
2022-08-11,60,24,24,0,24,False
2022-08-12,60,24,24,0,24,False
2022-08-13,60,24,24,0,24,False
2022-08-14,60,24,24,0,24,False
2022-08-15,60,24,24,0,24,False
2022-08-16,60,24,24,0,24,False
2022-08-17,60,24,24,0,24,False
2022-08-18,60,24,24,0,24,False
2022-08-19,60,24,24,0,24,False
2022-08-20,60,24,24,0,24,False
2022-08-21,60,24,24,0,24,False
2022-08-22,60,24,24,0,24,False
2022-08-23,60,24,24,0,24,False
2022-08-24,60,24,24,0,24,False
2022-08-25,60,24,24,0,24,False
2022-08-26,60,24,24,0,24,False
2022-08-27,60,24,24,0,24,False
2022-08-28,60,24,24,0,24,False
2022-08-29,60,24,24,0,24,False
2022-08-30,60,24,24,0,24,False
2022-08-31,60,24,24,0,24,False
2022-09-01,60,24,24,0,24,False
2022-09-02,60,24,24,0,24,False
2022-09-03,60,24,24,0,24,False
2022-09-04,60,24,24,0,24,False
2022-09-05,60,24,24,0,24,False
2022-09-06,60,24,24,0,24,False
2022-09-07,60,24,24,0,24,False
2022-09-08,60,24,24,0,24,False
2022-09-09,60,24,24,0,24,False
2022-09-10,60,24,24,0,24,False
2022-09-11,60,24,24,0,24,False
2022-09-12,60,24,24,0,24,False
2022-09-13,60,24,24,0,24,False
2022-09-14,60,24,24,0,24,False
2022-09-15,60,24,24,0,24,False
2022-09-16,60,24,24,0,24,False
2022-09-17,60,24,24,0,24,False
2022-09-18,60,24,24,0,24,False
2022-09-19,60,24,24,0,24,False
2022-09-20,60,24,24,0,24,False
2022-09-21,60,24,24,0,24,False
2022-09-22,60,24,24,0,24,False
2022-09-23,60,24,24,0,24,False
2022-09-24,60,24,24,0,24,False
2022-09-25,60,24,24,0,24,False
2022-09-26,60,24,24,0,24,False
2022-09-27,60,24,24,0,24,False
2022-09-28,60,24,24,0,24,False
2022-09-29,60,24,24,0,24,False
2022-09-30,60,24,24,0,24,False
2022-10-01,60,24,24,0,24,False
2022-10-02,60,24,24,0,24,False
2022-10-03,60,24,24,0,24,False
2022-10-04,60,24,24,0,24,False
2022-10-05,60,24,24,0,24,False
2022-10-06,60,24,24,0,24,False
2022-10-07,60,24,24,0,24,False
2022-10-08,60,24,24,0,24,False
2022-10-09,60,24,24,0,24,False
2022-10-10,60,24,24,0,24,False
2022-10-11,60,24,24,0,24,False
2022-10-12,60,24,24,0,24,False
2022-10-13,60,24,24,0,24,False
2022-10-14,60,24,24,0,24,False
2022-10-15,60,24,24,0,24,False
2022-10-16,60,24,24,0,24,False
2022-10-17,60,24,24,0,24,False
2022-10-18,60,24,24,0,24,False
2022-10-19,60,24,24,0,24,False
2022-10-20,60,24,24,0,24,False
2022-10-21,60,24,24,0,24,False
2022-10-22,60,24,24,0,24,False
2022-10-23,60,24,24,0,24,False
2022-10-24,60,24,24,0,24,False
2022-10-25,60,24,24,0,24,False
2022-10-26,60,24,24,0,24,False
2022-10-27,60,24,24,0,24,False
2022-10-28,60,24,24,0,24,False
2022-10-29,60,24,24,0,24,False
2022-10-30,60,25,25,0,25,True
2022-10-31,60,24,24,0,24,False
2022-11-01,60,24,24,0,24,False
2022-11-02,60,24,24,0,24,False
2022-11-03,60,24,24,0,24,False
2022-11-04,60,24,24,0,24,False
2022-11-05,60,24,24,0,24,False
2022-11-06,60,24,24,0,24,False
2022-11-07,60,24,24,0,24,False
2022-11-08,60,24,24,0,24,False
2022-11-09,60,24,24,0,24,False
2022-11-10,60,24,24,0,24,False
2022-11-11,60,24,24,0,24,False
2022-11-12,60,24,24,0,24,False
2022-11-13,60,24,24,0,24,False
2022-11-14,60,24,24,0,24,False
2022-11-15,60,24,24,0,24,False
2022-11-16,60,24,24,0,24,False
2022-11-17,60,24,24,0,24,False
2022-11-18,60,24,24,0,24,False
2022-11-19,60,24,24,0,24,False
2022-11-20,60,24,24,0,24,False
2022-11-21,60,24,24,0,24,False
2022-11-22,60,24,24,0,24,False
2022-11-23,60,24,24,0,24,False
2022-11-24,60,24,24,0,24,False
2022-11-25,60,24,24,0,24,False
2022-11-26,60,24,24,0,24,False
2022-11-27,60,24,24,0,24,False
2022-11-28,60,24,24,0,24,False
2022-11-29,60,24,24,0,24,False
2022-11-30,60,24,24,0,24,False
2022-12-01,60,24,24,0,24,False
2022-12-02,60,24,24,0,24,False
2022-12-03,60,24,24,0,24,False
2022-12-04,60,24,24,0,24,False
2022-12-05,60,24,24,0,24,False
2022-12-06,60,24,24,0,24,False
2022-12-07,60,24,24,0,24,False
2022-12-08,60,24,24,0,24,False
2022-12-09,60,24,24,0,24,False
2022-12-10,60,24,24,0,24,False
2022-12-11,60,24,24,0,24,False
2022-12-12,60,24,24,0,24,False
2022-12-13,60,24,24,0,24,False
2022-12-14,60,24,24,0,24,False
2022-12-15,60,24,24,0,24,False
2022-12-16,60,24,24,0,24,False
2022-12-17,60,24,24,0,24,False
2022-12-18,60,24,24,0,24,False
2022-12-19,60,24,24,0,24,False
2022-12-20,60,24,24,0,24,False
2022-12-21,60,24,24,0,24,False
2022-12-22,60,24,24,0,24,False
2022-12-23,60,24,24,0,24,False
2022-12-24,60,24,24,0,24,False
2022-12-25,60,24,24,0,24,False
2022-12-26,60,24,24,0,24,False
2022-12-27,60,24,24,0,24,False
2022-12-28,60,24,24,0,24,False
2022-12-29,60,24,24,0,24,False
2022-12-30,60,24,24,0,24,False
2022-12-31,60,24,24,0,24,False
2023-01-01,60,24,24,0,24,False
2023-01-02,60,24,24,0,24,False
2023-01-03,60,24,24,0,24,False
2023-01-04,60,24,24,0,24,False
2023-01-05,60,24,24,0,24,False
2023-01-06,60,24,24,0,24,False
2023-01-07,60,24,24,0,24,False
2023-01-08,60,24,24,0,24,False
2023-01-09,60,24,24,0,24,False
2023-01-10,60,24,24,0,24,False
2023-01-11,60,24,24,0,24,False
2023-01-12,60,24,24,0,24,False
2023-01-13,60,24,24,0,24,False
2023-01-14,60,24,24,0,24,False
2023-01-15,60,24,24,0,24,False
2023-01-16,60,24,24,0,24,False
2023-01-17,60,24,24,0,24,False
2023-01-18,60,24,24,0,24,False
2023-01-19,60,24,24,0,24,False
2023-01-20,60,24,24,0,24,False
2023-01-21,60,24,24,0,24,False
2023-01-22,60,24,24,0,24,False
2023-01-23,60,24,24,0,24,False
2023-01-24,60,24,24,0,24,False
2023-01-25,60,24,24,0,24,False
2023-01-26,60,24,24,0,24,False
2023-01-27,60,24,24,0,24,False
2023-01-28,60,24,24,0,24,False
2023-01-29,60,24,24,0,24,False
2023-01-30,60,24,24,0,24,False
2023-01-31,60,24,24,0,24,False
2023-02-01,60,24,24,0,24,False
2023-02-02,60,24,24,0,24,False
2023-02-03,60,24,24,0,24,False
2023-02-04,60,24,24,0,24,False
2023-02-05,60,24,24,0,24,False
2023-02-06,60,24,24,0,24,False
2023-02-07,60,24,24,0,24,False
2023-02-08,60,24,24,0,24,False
2023-02-09,60,24,24,0,24,False
2023-02-10,60,24,24,0,24,False
2023-02-11,60,24,24,0,24,False
2023-02-12,60,24,24,0,24,False
2023-02-13,60,24,24,0,24,False
2023-02-14,60,24,24,0,24,False
2023-02-15,60,24,24,0,24,False
2023-02-16,60,24,24,0,24,False
2023-02-17,60,24,24,0,24,False
2023-02-18,60,24,24,0,24,False
2023-02-19,60,24,24,0,24,False
2023-02-20,60,24,24,0,24,False
2023-02-21,60,24,24,0,24,False
2023-02-22,60,24,24,0,24,False
2023-02-23,60,24,24,0,24,False
2023-02-24,60,24,24,0,24,False
2023-02-25,60,24,24,0,24,False
2023-02-26,60,24,24,0,24,False
2023-02-27,60,24,24,0,24,False
2023-02-28,60,24,24,0,24,False
2023-03-01,60,24,24,0,24,False
2023-03-02,60,24,24,0,24,False
2023-03-03,60,24,24,0,24,False
2023-03-04,60,24,24,0,24,False
2023-03-05,60,24,24,0,24,False
2023-03-06,60,24,24,0,24,False
2023-03-07,60,24,24,0,24,False
2023-03-08,60,24,24,0,24,False
2023-03-09,60,24,24,0,24,False
2023-03-10,60,24,24,0,24,False
2023-03-11,60,24,24,0,24,False
2023-03-12,60,24,24,0,24,False
2023-03-13,60,24,24,0,24,False
2023-03-14,60,24,24,0,24,False
2023-03-15,60,24,24,0,24,False
2023-03-16,60,24,24,0,24,False
2023-03-17,60,24,24,0,24,False
2023-03-18,60,24,24,0,24,False
2023-03-19,60,24,24,0,24,False
2023-03-20,60,24,24,0,24,False
2023-03-21,60,24,24,0,24,False
2023-03-22,60,24,24,0,24,False
2023-03-23,60,24,24,0,24,False
2023-03-24,60,24,24,0,24,False
2023-03-25,60,24,24,0,24,False
2023-03-26,60,23,23,0,23,True
2023-03-27,60,24,24,0,24,False
2023-03-28,60,24,24,0,24,False
2023-03-29,60,24,24,0,24,False
2023-03-30,60,24,24,0,24,False
2023-03-31,60,24,24,0,24,False
2023-04-01,60,24,24,0,24,False
2023-04-02,60,24,24,0,24,False
2023-04-03,60,24,24,0,24,False
2023-04-04,60,24,24,0,24,False
2023-04-05,60,24,24,0,24,False
2023-04-06,60,24,24,0,24,False
2023-04-07,60,24,24,0,24,False
2023-04-08,60,24,24,0,24,False
2023-04-09,60,24,24,0,24,False
2023-04-10,60,24,24,0,24,False
2023-04-11,60,24,24,0,24,False
2023-04-12,60,24,24,0,24,False
2023-04-13,60,24,24,0,24,False
2023-04-14,60,24,24,0,24,False
2023-04-15,60,24,24,0,24,False
2023-04-16,60,24,24,0,24,False
2023-04-17,60,24,24,0,24,False
2023-04-18,60,24,24,0,24,False
2023-04-19,60,24,24,0,24,False
2023-04-20,60,24,24,0,24,False
2023-04-21,60,24,24,0,24,False
2023-04-22,60,24,24,0,24,False
2023-04-23,60,24,24,0,24,False
2023-04-24,60,24,24,0,24,False
2023-04-25,60,24,24,0,24,False
2023-04-26,60,24,24,0,24,False
2023-04-27,60,24,24,0,24,False
2023-04-28,60,24,24,0,24,False
2023-04-29,60,24,24,0,24,False
2023-04-30,60,24,24,0,24,False
2023-05-01,60,24,24,0,24,False
2023-05-02,60,24,24,0,24,False
2023-05-03,60,24,24,0,24,False
2023-05-04,60,24,24,0,24,False
2023-05-05,60,24,24,0,24,False
2023-05-06,60,24,24,0,24,False
2023-05-07,60,24,24,0,24,False
2023-05-08,60,24,24,0,24,False
2023-05-09,60,24,24,0,24,False
2023-05-10,60,24,24,0,24,False
2023-05-11,60,24,24,0,24,False
2023-05-12,60,24,24,0,24,False
2023-05-13,60,24,24,0,24,False
2023-05-14,60,24,24,0,24,False
2023-05-15,60,24,24,0,24,False
2023-05-16,60,24,24,0,24,False
2023-05-17,60,24,24,0,24,False
2023-05-18,60,24,24,0,24,False
2023-05-19,60,24,24,0,24,False
2023-05-20,60,24,24,0,24,False
2023-05-21,60,24,24,0,24,False
2023-05-22,60,24,24,0,24,False
2023-05-23,60,24,24,0,24,False
2023-05-24,60,24,24,0,24,False
2023-05-25,60,24,24,0,24,False
2023-05-26,60,24,24,0,24,False
2023-05-27,60,24,24,0,24,False
2023-05-28,60,24,24,0,24,False
2023-05-29,60,24,24,0,24,False
2023-05-30,60,24,24,0,24,False
2023-05-31,60,24,24,0,24,False
2023-06-01,60,24,24,0,24,False
2023-06-02,60,24,24,0,24,False
2023-06-03,60,24,24,0,24,False
2023-06-04,60,24,24,0,24,False
2023-06-05,60,24,24,0,24,False
2023-06-06,60,24,24,0,24,False
2023-06-07,60,24,24,0,24,False
2023-06-08,60,24,24,0,24,False
2023-06-09,60,24,24,0,24,False
2023-06-10,60,24,24,0,24,False
2023-06-11,60,24,24,0,24,False
2023-06-12,60,24,24,0,24,False
2023-06-13,60,24,24,0,24,False
2023-06-14,60,24,24,0,24,False
2023-06-15,60,24,24,0,24,False
2023-06-16,60,24,24,0,24,False
2023-06-17,60,24,24,0,24,False
2023-06-18,60,24,24,0,24,False
2023-06-19,60,24,24,0,24,False
2023-06-20,60,24,24,0,24,False
2023-06-21,60,24,24,0,24,False
2023-06-22,60,24,24,0,24,False
2023-06-23,60,24,24,0,24,False
2023-06-24,60,24,24,0,24,False
2023-06-25,60,24,24,0,24,False
2023-06-26,60,24,24,0,24,False
2023-06-27,60,24,24,0,24,False
2023-06-28,60,24,24,0,24,False
2023-06-29,60,24,24,0,24,False
2023-06-30,60,24,24,0,24,False
2023-07-01,60,24,24,0,24,False
2023-07-02,60,24,24,0,24,False
2023-07-03,60,24,24,0,24,False
2023-07-04,60,24,24,0,24,False
2023-07-05,60,24,24,0,24,False
2023-07-06,60,24,24,0,24,False
2023-07-07,60,24,24,0,24,False
2023-07-08,60,24,24,0,24,False
2023-07-09,60,24,24,0,24,False
2023-07-10,60,24,24,0,24,False
2023-07-11,60,24,24,0,24,False
2023-07-12,60,24,24,0,24,False
2023-07-13,60,24,24,0,24,False
2023-07-14,60,24,24,0,24,False
2023-07-15,60,24,24,0,24,False
2023-07-16,60,24,24,0,24,False
2023-07-17,60,24,24,0,24,False
2023-07-18,60,24,24,0,24,False
2023-07-19,60,24,24,0,24,False
2023-07-20,60,24,24,0,24,False
2023-07-21,60,24,24,0,24,False
2023-07-22,60,24,24,0,24,False
2023-07-23,60,24,24,0,24,False
2023-07-24,60,24,24,0,24,False
2023-07-25,60,24,24,0,24,False
2023-07-26,60,24,24,0,24,False
2023-07-27,60,24,24,0,24,False
2023-07-28,60,24,24,0,24,False
2023-07-29,60,24,24,0,24,False
2023-07-30,60,24,24,0,24,False
2023-07-31,60,24,24,0,24,False
2023-08-01,60,24,24,0,24,False
2023-08-02,60,24,24,0,24,False
2023-08-03,60,24,24,0,24,False
2023-08-04,60,24,24,0,24,False
2023-08-05,60,24,24,0,24,False
2023-08-06,60,24,24,0,24,False
2023-08-07,60,24,24,0,24,False
2023-08-08,60,24,24,0,24,False
2023-08-09,60,24,24,0,24,False
2023-08-10,60,24,24,0,24,False
2023-08-11,60,24,24,0,24,False
2023-08-12,60,24,24,0,24,False
2023-08-13,60,24,24,0,24,False
2023-08-14,60,24,24,0,24,False
2023-08-15,60,24,24,0,24,False
2023-08-16,60,24,24,0,24,False
2023-08-17,60,24,24,0,24,False
2023-08-18,60,24,24,0,24,False
2023-08-19,60,24,24,0,24,False
2023-08-20,60,24,24,0,24,False
2023-08-21,60,24,24,0,24,False
2023-08-22,60,24,24,0,24,False
2023-08-23,60,24,24,0,24,False
2023-08-24,60,24,24,0,24,False
2023-08-25,60,24,24,0,24,False
2023-08-26,60,24,24,0,24,False
2023-08-27,60,24,24,0,24,False
2023-08-28,60,24,24,0,24,False
2023-08-29,60,24,24,0,24,False
2023-08-30,60,24,24,0,24,False
2023-08-31,60,24,24,0,24,False
2023-09-01,60,24,24,0,24,False
2023-09-02,60,24,24,0,24,False
2023-09-03,60,24,24,0,24,False
2023-09-04,60,24,24,0,24,False
2023-09-05,60,24,24,0,24,False
2023-09-06,60,24,24,0,24,False
2023-09-07,60,24,24,0,24,False
2023-09-08,60,24,24,0,24,False
2023-09-09,60,24,24,0,24,False
2023-09-10,60,24,24,0,24,False
2023-09-11,60,24,24,0,24,False
2023-09-12,60,24,24,0,24,False
2023-09-13,60,24,24,0,24,False
2023-09-14,60,24,24,0,24,False
2023-09-15,60,24,24,0,24,False
2023-09-16,60,24,24,0,24,False
2023-09-17,60,24,24,0,24,False
2023-09-18,60,24,24,0,24,False
2023-09-19,60,24,24,0,24,False
2023-09-20,60,24,24,0,24,False
2023-09-21,60,24,24,0,24,False
2023-09-22,60,24,24,0,24,False
2023-09-23,60,24,24,0,24,False
2023-09-24,60,24,24,0,24,False
2023-09-25,60,24,24,0,24,False
2023-09-26,60,24,24,0,24,False
2023-09-27,60,24,24,0,24,False
2023-09-28,60,24,24,0,24,False
2023-09-29,60,24,24,0,24,False
2023-09-30,60,24,24,0,24,False
2023-10-01,60,24,24,0,24,False
2023-10-02,60,24,24,0,24,False
2023-10-03,60,24,24,0,24,False
2023-10-04,60,24,24,0,24,False
2023-10-05,60,24,24,0,24,False
2023-10-06,60,24,24,0,24,False
2023-10-07,60,24,24,0,24,False
2023-10-08,60,24,24,0,24,False
2023-10-09,60,24,24,0,24,False
2023-10-10,60,24,24,0,24,False
2023-10-11,60,24,24,0,24,False
2023-10-12,60,24,24,0,24,False
2023-10-13,60,24,24,0,24,False
2023-10-14,60,24,24,0,24,False
2023-10-15,60,24,24,0,24,False
2023-10-16,60,24,24,0,24,False
2023-10-17,60,24,24,0,24,False
2023-10-18,60,24,24,0,24,False
2023-10-19,60,24,24,0,24,False
2023-10-20,60,24,24,0,24,False
2023-10-21,60,24,24,0,24,False
2023-10-22,60,24,24,0,24,False
2023-10-23,60,24,24,0,24,False
2023-10-24,60,24,24,0,24,False
2023-10-25,60,24,24,0,24,False
2023-10-26,60,24,24,0,24,False
2023-10-27,60,24,24,0,24,False
2023-10-28,60,24,24,0,24,False
2023-10-29,60,25,25,0,25,True
2023-10-30,60,24,24,0,24,False
2023-10-31,60,24,24,0,24,False
2023-11-01,60,24,24,0,24,False
2023-11-02,60,24,24,0,24,False
2023-11-03,60,24,24,0,24,False
2023-11-04,60,24,24,0,24,False
2023-11-05,60,24,24,0,24,False
2023-11-06,60,24,24,0,24,False
2023-11-07,60,24,24,0,24,False
2023-11-08,60,24,24,0,24,False
2023-11-09,60,24,24,0,24,False
2023-11-10,60,24,24,0,24,False
2023-11-11,60,24,24,0,24,False
2023-11-12,60,24,24,0,24,False
2023-11-13,60,24,24,0,24,False
2023-11-14,60,24,24,0,24,False
2023-11-15,60,24,24,0,24,False
2023-11-16,60,24,24,0,24,False
2023-11-17,60,24,24,0,24,False
2023-11-18,60,24,24,0,24,False
2023-11-19,60,24,24,0,24,False
2023-11-20,60,24,24,0,24,False
2023-11-21,60,24,24,0,24,False
2023-11-22,60,24,24,0,24,False
2023-11-23,60,24,24,0,24,False
2023-11-24,60,24,24,0,24,False
2023-11-25,60,24,24,0,24,False
2023-11-26,60,24,24,0,24,False
2023-11-27,60,24,24,0,24,False
2023-11-28,60,24,24,0,24,False
2023-11-29,60,24,24,0,24,False
2023-11-30,60,24,24,0,24,False
2023-12-01,60,24,24,0,24,False
2023-12-02,60,24,24,0,24,False
2023-12-03,60,24,24,0,24,False
2023-12-04,60,24,24,0,24,False
2023-12-05,60,24,24,0,24,False
2023-12-06,60,24,24,0,24,False
2023-12-07,60,24,24,0,24,False
2023-12-08,60,24,24,0,24,False
2023-12-09,60,24,24,0,24,False
2023-12-10,60,24,24,0,24,False
2023-12-11,60,24,24,0,24,False
2023-12-12,60,24,24,0,24,False
2023-12-13,60,24,24,0,24,False
2023-12-14,60,24,24,0,24,False
2023-12-15,60,24,24,0,24,False
2023-12-16,60,24,24,0,24,False
2023-12-17,60,24,24,0,24,False
2023-12-18,60,24,24,0,24,False
2023-12-19,60,24,24,0,24,False
2023-12-20,60,24,24,0,24,False
2023-12-21,60,24,24,0,24,False
2023-12-22,60,24,24,0,24,False
2023-12-23,60,24,24,0,24,False
2023-12-24,60,24,24,0,24,False
2023-12-25,60,24,24,0,24,False
2023-12-26,60,24,24,0,24,False
2023-12-27,60,24,24,0,24,False
2023-12-28,60,24,24,0,24,False
2023-12-29,60,24,24,0,24,False
2023-12-30,60,24,24,0,24,False
2023-12-31,60,24,24,0,24,False
2024-01-01,60,24,24,0,24,False
2024-01-02,60,24,24,0,24,False
2024-01-03,60,24,24,0,24,False
2024-01-04,60,24,24,0,24,False
2024-01-05,60,24,24,0,24,False
2024-01-06,60,24,24,0,24,False
2024-01-07,60,24,24,0,24,False
2024-01-08,60,24,24,0,24,False
2024-01-09,60,24,24,0,24,False
2024-01-10,60,24,24,0,24,False
2024-01-11,60,24,24,0,24,False
2024-01-12,60,24,24,0,24,False
2024-01-13,60,24,24,0,24,False
2024-01-14,60,24,24,0,24,False
2024-01-15,60,24,24,0,24,False
2024-01-16,60,24,24,0,24,False
2024-01-17,60,24,24,0,24,False
2024-01-18,60,24,24,0,24,False
2024-01-19,60,24,24,0,24,False
2024-01-20,60,24,24,0,24,False
2024-01-21,60,24,24,0,24,False
2024-01-22,60,24,24,0,24,False
2024-01-23,60,24,24,0,24,False
2024-01-24,60,24,24,0,24,False
2024-01-25,60,24,24,0,24,False
2024-01-26,60,24,24,0,24,False
2024-01-27,60,24,24,0,24,False
2024-01-28,60,24,24,0,24,False
2024-01-29,60,24,24,0,24,False
2024-01-30,60,24,24,0,24,False
2024-01-31,60,24,24,0,24,False
2024-02-01,60,24,24,0,24,False
2024-02-02,60,24,24,0,24,False
2024-02-03,60,24,24,0,24,False
2024-02-04,60,24,24,0,24,False
2024-02-05,60,24,24,0,24,False
2024-02-06,60,24,24,0,24,False
2024-02-07,60,24,24,0,24,False
2024-02-08,60,24,24,0,24,False
2024-02-09,60,24,24,0,24,False
2024-02-10,60,24,24,0,24,False
2024-02-11,60,24,24,0,24,False
2024-02-12,60,24,24,0,24,False
2024-02-13,60,24,24,0,24,False
2024-02-14,60,24,24,0,24,False
2024-02-15,60,24,24,0,24,False
2024-02-16,60,24,24,0,24,False
2024-02-17,60,24,24,0,24,False
2024-02-18,60,24,24,0,24,False
2024-02-19,60,24,24,0,24,False
2024-02-20,60,24,24,0,24,False
2024-02-21,60,24,24,0,24,False
2024-02-22,60,24,24,0,24,False
2024-02-23,60,24,24,0,24,False
2024-02-24,60,24,24,0,24,False
2024-02-25,60,24,24,0,24,False
2024-02-26,60,24,24,0,24,False
2024-02-27,60,24,24,0,24,False
2024-02-28,60,24,24,0,24,False
2024-02-29,60,24,24,0,24,False
2024-03-01,60,24,24,0,24,False
2024-03-02,60,24,24,0,24,False
2024-03-03,60,24,24,0,24,False
2024-03-04,60,24,24,0,24,False
2024-03-05,60,24,24,0,24,False
2024-03-06,60,24,24,0,24,False
2024-03-07,60,24,24,0,24,False
2024-03-08,60,24,24,0,24,False
2024-03-09,60,24,24,0,24,False
2024-03-10,60,24,24,0,24,False
2024-03-11,60,24,24,0,24,False
2024-03-12,60,24,24,0,24,False
2024-03-13,60,24,24,0,24,False
2024-03-14,60,24,24,0,24,False
2024-03-15,60,24,24,0,24,False
2024-03-16,60,24,24,0,24,False
2024-03-17,60,24,24,0,24,False
2024-03-18,60,24,24,0,24,False
2024-03-19,60,24,24,0,24,False
2024-03-20,60,24,24,0,24,False
2024-03-21,60,24,24,0,24,False
2024-03-22,60,24,24,0,24,False
2024-03-23,60,24,24,0,24,False
2024-03-24,60,24,24,0,24,False
2024-03-25,60,24,24,0,24,False
2024-03-26,60,24,24,0,24,False
2024-03-27,60,24,24,0,24,False
2024-03-28,60,24,24,0,24,False
2024-03-29,60,24,24,0,24,False
2024-03-30,60,24,24,0,24,False
2024-03-31,60,23,23,0,23,True
2024-04-01,60,24,24,0,24,False
2024-04-02,60,24,24,0,24,False
2024-04-03,60,24,24,0,24,False
2024-04-04,60,24,24,0,24,False
2024-04-05,60,24,24,0,24,False
2024-04-06,60,24,24,0,24,False
2024-04-07,60,24,24,0,24,False
2024-04-08,60,24,24,0,24,False
2024-04-09,60,24,24,0,24,False
2024-04-10,60,24,24,0,24,False
2024-04-11,60,24,24,0,24,False
2024-04-12,60,24,24,0,24,False
2024-04-13,60,24,24,0,24,False
2024-04-14,60,24,24,0,24,False
2024-04-15,60,24,24,0,24,False
2024-04-16,60,24,24,0,24,False
2024-04-17,60,24,24,0,24,False
2024-04-18,60,24,24,0,24,False
2024-04-19,60,24,24,0,24,False
2024-04-20,60,24,24,0,24,False
2024-04-21,60,24,24,0,24,False
2024-04-22,60,24,24,0,24,False
2024-04-23,60,24,24,0,24,False
2024-04-24,60,24,24,0,24,False
2024-04-25,60,24,24,0,24,False
2024-04-26,60,24,24,0,24,False
2024-04-27,60,24,24,0,24,False
2024-04-28,60,24,24,0,24,False
2024-04-29,60,24,24,0,24,False
2024-04-30,60,24,24,0,24,False
2024-05-01,60,24,24,0,24,False
2024-05-02,60,24,24,0,24,False
2024-05-03,60,24,24,0,24,False
2024-05-04,60,24,24,0,24,False
2024-05-05,60,24,24,0,24,False
2024-05-06,60,24,24,0,24,False
2024-05-07,60,24,24,0,24,False
2024-05-08,60,24,24,0,24,False
2024-05-09,60,24,24,0,24,False
2024-05-10,60,24,24,0,24,False
2024-05-11,60,24,24,0,24,False
2024-05-12,60,24,24,0,24,False
2024-05-13,60,24,24,0,24,False
2024-05-14,60,24,24,0,24,False
2024-05-15,60,24,24,0,24,False
2024-05-16,60,24,24,0,24,False
2024-05-17,60,24,24,0,24,False
2024-05-18,60,24,24,0,24,False
2024-05-19,60,24,24,0,24,False
2024-05-20,60,24,24,0,24,False
2024-05-21,60,24,24,0,24,False
2024-05-22,60,24,24,0,24,False
2024-05-23,60,24,24,0,24,False
2024-05-24,60,24,24,0,24,False
2024-05-25,60,24,24,0,24,False
2024-05-26,60,24,24,0,24,False
2024-05-27,60,24,24,0,24,False
2024-05-28,60,24,24,0,24,False
2024-05-29,60,24,24,0,24,False
2024-05-30,60,24,24,0,24,False
2024-05-31,60,24,24,0,24,False
2024-06-01,60,24,24,0,24,False
2024-06-02,60,24,24,0,24,False
2024-06-03,60,24,24,0,24,False
2024-06-04,60,24,24,0,24,False
2024-06-05,60,24,24,0,24,False
2024-06-06,60,24,24,0,24,False
2024-06-07,60,24,24,0,24,False
2024-06-08,60,24,24,0,24,False
2024-06-09,60,24,24,0,24,False
2024-06-10,60,24,24,0,24,False
2024-06-11,60,24,24,0,24,False
2024-06-12,60,24,24,0,24,False
2024-06-13,60,24,24,0,24,False
2024-06-14,60,24,24,0,24,False
2024-06-15,60,24,24,0,24,False
2024-06-16,60,24,24,0,24,False
2024-06-17,60,24,24,0,24,False
2024-06-18,60,24,24,0,24,False
2024-06-19,60,24,24,0,24,False
2024-06-20,60,24,24,0,24,False
2024-06-21,60,24,24,0,24,False
2024-06-22,60,24,24,0,24,False
2024-06-23,60,24,24,0,24,False
2024-06-24,60,24,24,0,24,False
2024-06-25,60,24,24,0,24,False
2024-06-26,60,24,24,0,24,False
2024-06-27,60,24,24,0,24,False
2024-06-28,60,24,24,0,24,False
2024-06-29,60,24,24,0,24,False
2024-06-30,60,24,24,0,24,False
2024-07-01,60,24,24,0,24,False
2024-07-02,60,24,24,0,24,False
2024-07-03,60,24,24,0,24,False
2024-07-04,60,24,24,0,24,False
2024-07-05,60,24,24,0,24,False
2024-07-06,60,24,24,0,24,False
2024-07-07,60,24,24,0,24,False
2024-07-08,60,24,24,0,24,False
2024-07-09,60,24,24,0,24,False
2024-07-10,60,24,24,0,24,False
2024-07-11,60,24,24,0,24,False
2024-07-12,60,24,24,0,24,False
2024-07-13,60,24,24,0,24,False
2024-07-14,60,24,24,0,24,False
2024-07-15,60,24,24,0,24,False
2024-07-16,60,24,24,0,24,False
2024-07-17,60,24,24,0,24,False
2024-07-18,60,24,24,0,24,False
2024-07-19,60,24,24,0,24,False
2024-07-20,60,24,24,0,24,False
2024-07-21,60,24,24,0,24,False
2024-07-22,60,24,24,0,24,False
2024-07-23,60,24,24,0,24,False
2024-07-24,60,24,24,0,24,False
2024-07-25,60,24,24,0,24,False
2024-07-26,60,24,24,0,24,False
2024-07-27,60,24,24,0,24,False
2024-07-28,60,24,24,0,24,False
2024-07-29,60,24,24,0,24,False
2024-07-30,60,24,24,0,24,False
2024-07-31,60,24,24,0,24,False
2024-08-01,60,24,24,0,24,False
2024-08-02,60,24,24,0,24,False
2024-08-03,60,24,24,0,24,False
2024-08-04,60,24,24,0,24,False
2024-08-05,60,24,24,0,24,False
2024-08-06,60,24,24,0,24,False
2024-08-07,60,24,24,0,24,False
2024-08-08,60,24,24,0,24,False
2024-08-09,60,24,24,0,24,False
2024-08-10,60,24,24,0,24,False
2024-08-11,60,24,24,0,24,False
2024-08-12,60,24,24,0,24,False
2024-08-13,60,24,24,0,24,False
2024-08-14,60,24,24,0,24,False
2024-08-15,60,24,24,0,24,False
2024-08-16,60,24,24,0,24,False
2024-08-17,60,24,24,0,24,False
2024-08-18,60,24,24,0,24,False
2024-08-19,60,24,24,0,24,False
2024-08-20,60,24,24,0,24,False
2024-08-21,60,24,24,0,24,False
2024-08-22,60,24,24,0,24,False
2024-08-23,60,24,24,0,24,False
2024-08-24,60,24,24,0,24,False
2024-08-25,60,24,24,0,24,False
2024-08-26,60,24,24,0,24,False
2024-08-27,60,24,24,0,24,False
2024-08-28,60,24,24,0,24,False
2024-08-29,60,24,24,0,24,False
2024-08-30,60,24,24,0,24,False
2024-08-31,60,24,24,0,24,False
2024-09-01,60,24,24,0,24,False
2024-09-02,60,24,24,0,24,False
2024-09-03,60,24,24,0,24,False
2024-09-04,60,24,24,0,24,False
2024-09-05,60,24,24,0,24,False
2024-09-06,60,24,24,0,24,False
2024-09-07,60,24,24,0,24,False
2024-09-08,60,24,24,0,24,False
2024-09-09,60,24,24,0,24,False
2024-09-10,60,24,24,0,24,False
2024-09-11,60,24,24,0,24,False
2024-09-12,60,24,24,0,24,False
2024-09-13,60,24,24,0,24,False
2024-09-14,60,24,24,0,24,False
2024-09-15,60,24,24,0,24,False
2024-09-16,60,24,24,0,24,False
2024-09-17,60,24,24,0,24,False
2024-09-18,60,24,24,0,24,False
2024-09-19,60,24,24,0,24,False
2024-09-20,60,24,24,0,24,False
2024-09-21,60,24,24,0,24,False
2024-09-22,60,24,24,0,24,False
2024-09-23,60,24,24,0,24,False
2024-09-24,60,24,24,0,24,False
2024-09-25,60,24,24,0,24,False
2024-09-26,60,24,24,0,24,False
2024-09-27,60,24,24,0,24,False
2024-09-28,60,24,24,0,24,False
2024-09-29,60,24,24,0,24,False
2024-09-30,60,24,24,0,24,False
2024-10-01,60,24,24,0,24,False
2024-10-02,60,24,24,0,24,False
2024-10-03,60,24,24,0,24,False
2024-10-04,60,24,24,0,24,False
2024-10-05,60,24,24,0,24,False
2024-10-06,60,24,24,0,24,False
2024-10-07,60,24,24,0,24,False
2024-10-08,60,24,24,0,24,False
2024-10-09,60,24,24,0,24,False
2024-10-10,60,24,24,0,24,False
2024-10-11,60,24,24,0,24,False
2024-10-12,60,24,24,0,24,False
2024-10-13,60,24,24,0,24,False
2024-10-14,60,24,24,0,24,False
2024-10-15,60,24,24,0,24,False
2024-10-16,60,24,24,0,24,False
2024-10-17,60,24,24,0,24,False
2024-10-18,60,24,24,0,24,False
2024-10-19,60,24,24,0,24,False
2024-10-20,60,24,24,0,24,False
2024-10-21,60,24,24,0,24,False
2024-10-22,60,24,24,0,24,False
2024-10-23,60,24,24,0,24,False
2024-10-24,60,24,24,0,24,False
2024-10-25,60,24,24,0,24,False
2024-10-26,60,24,24,0,24,False
2024-10-27,60,25,25,0,25,True
2024-10-28,60,24,24,0,24,False
2024-10-29,60,24,24,0,24,False
2024-10-30,60,24,24,0,24,False
2024-10-31,60,24,24,0,24,False
2024-11-01,60,24,24,0,24,False
2024-11-02,60,24,24,0,24,False
2024-11-03,60,24,24,0,24,False
2024-11-04,60,24,24,0,24,False
2024-11-05,60,24,24,0,24,False
2024-11-06,60,24,24,0,24,False
2024-11-07,60,24,24,0,24,False
2024-11-08,60,24,24,0,24,False
2024-11-09,60,24,24,0,24,False
2024-11-10,60,24,24,0,24,False
2024-11-11,60,24,24,0,24,False
2024-11-12,60,24,24,0,24,False
2024-11-13,60,24,24,0,24,False
2024-11-14,60,24,24,0,24,False
2024-11-15,60,24,24,0,24,False
2024-11-16,60,24,24,0,24,False
2024-11-17,60,24,24,0,24,False
2024-11-18,60,24,24,0,24,False
2024-11-19,60,24,24,0,24,False
2024-11-20,60,24,24,0,24,False
2024-11-21,60,24,24,0,24,False
2024-11-22,60,24,24,0,24,False
2024-11-23,60,24,24,0,24,False
2024-11-24,60,24,24,0,24,False
2024-11-25,60,24,24,0,24,False
2024-11-26,60,24,24,0,24,False
2024-11-27,60,24,24,0,24,False
2024-11-28,60,24,24,0,24,False
2024-11-29,60,24,24,0,24,False
2024-11-30,60,24,24,0,24,False
2024-12-01,60,24,24,0,24,False
2024-12-02,60,24,24,0,24,False
2024-12-03,60,24,24,0,24,False
2024-12-04,60,24,24,0,24,False
2024-12-05,60,24,24,0,24,False
2024-12-06,60,24,24,0,24,False
2024-12-07,60,24,24,0,24,False
2024-12-08,60,24,24,0,24,False
2024-12-09,60,24,24,0,24,False
2024-12-10,60,24,24,0,24,False
2024-12-11,60,24,24,0,24,False
2024-12-12,60,24,24,0,24,False
2024-12-13,60,24,24,0,24,False
2024-12-14,60,24,24,0,24,False
2024-12-15,60,24,24,0,24,False
2024-12-16,60,24,24,0,24,False
2024-12-17,60,24,24,0,24,False
2024-12-18,60,24,24,0,24,False
2024-12-19,60,24,24,0,24,False
2024-12-20,60,24,24,0,24,False
2024-12-21,60,24,24,0,24,False
2024-12-22,60,24,24,0,24,False
2024-12-23,60,24,24,0,24,False
2024-12-24,60,24,24,0,24,False
2024-12-25,60,24,24,0,24,False
2024-12-26,60,24,24,0,24,False
2024-12-27,60,24,24,0,24,False
2024-12-28,60,24,24,0,24,False
2024-12-29,60,24,24,0,24,False
2024-12-30,60,24,24,0,24,False
2024-12-31,60,24,24,0,24,False
2025-01-01,60,24,24,0,24,False
2025-01-02,60,24,24,0,24,False
2025-01-03,60,24,24,0,24,False
2025-01-04,60,24,24,0,24,False
2025-01-05,60,24,24,0,24,False
2025-01-06,60,24,24,0,24,False
2025-01-07,60,24,24,0,24,False
2025-01-08,60,24,24,0,24,False
2025-01-09,60,24,24,0,24,False
2025-01-10,60,24,24,0,24,False
2025-01-11,60,24,24,0,24,False
2025-01-12,60,24,24,0,24,False
2025-01-13,60,24,24,0,24,False
2025-01-14,60,24,24,0,24,False
2025-01-15,60,24,24,0,24,False
2025-01-16,60,24,24,0,24,False
2025-01-17,60,24,24,0,24,False
2025-01-18,60,24,24,0,24,False
2025-01-19,60,24,24,0,24,False
2025-01-20,60,24,24,0,24,False
2025-01-21,60,24,24,0,24,False
2025-01-22,60,24,24,0,24,False
2025-01-23,60,24,24,0,24,False
2025-01-24,60,24,24,0,24,False
2025-01-25,60,24,24,0,24,False
2025-01-26,60,24,24,0,24,False
2025-01-27,60,24,24,0,24,False
2025-01-28,60,24,24,0,24,False
2025-01-29,60,24,24,0,24,False
2025-01-30,60,24,24,0,24,False
2025-01-31,60,24,24,0,24,False
2025-02-01,60,24,24,0,24,False
2025-02-02,60,24,24,0,24,False
2025-02-03,60,24,24,0,24,False
2025-02-04,60,24,24,0,24,False
2025-02-05,60,24,24,0,24,False
2025-02-06,60,24,24,0,24,False
2025-02-07,60,24,24,0,24,False
2025-02-08,60,24,24,0,24,False
2025-02-09,60,24,24,0,24,False
2025-02-10,60,24,24,0,24,False
2025-02-11,60,24,24,0,24,False
2025-02-12,60,24,24,0,24,False
2025-02-13,60,24,24,0,24,False
2025-02-14,60,24,24,0,24,False
2025-02-15,60,24,24,0,24,False
2025-02-16,60,24,24,0,24,False
2025-02-17,60,24,24,0,24,False
2025-02-18,60,24,24,0,24,False
2025-02-19,60,24,24,0,24,False
2025-02-20,60,24,24,0,24,False
2025-02-21,60,24,24,0,24,False
2025-02-22,60,24,24,0,24,False
2025-02-23,60,24,24,0,24,False
2025-02-24,60,24,24,0,24,False
2025-02-25,60,24,24,0,24,False
2025-02-26,60,24,24,0,24,False
2025-02-27,60,24,24,0,24,False
2025-02-28,60,24,24,0,24,False
2025-03-01,60,24,24,0,24,False
2025-03-02,60,24,24,0,24,False
2025-03-03,60,24,24,0,24,False
2025-03-04,60,24,24,0,24,False
2025-03-05,60,24,24,0,24,False
2025-03-06,60,24,24,0,24,False
2025-03-07,60,24,24,0,24,False
2025-03-08,60,24,24,0,24,False
2025-03-09,60,24,24,0,24,False
2025-03-10,60,24,24,0,24,False
2025-03-11,60,24,24,0,24,False
2025-03-12,60,24,24,0,24,False
2025-03-13,60,24,24,0,24,False
2025-03-14,60,24,24,0,24,False
2025-03-15,60,24,24,0,24,False
2025-03-16,60,24,24,0,24,False
2025-03-17,60,24,24,0,24,False
2025-03-18,60,24,24,0,24,False
2025-03-19,60,24,24,0,24,False
2025-03-20,60,24,24,0,24,False
2025-03-21,60,24,24,0,24,False
2025-03-22,60,24,24,0,24,False
2025-03-23,60,24,24,0,24,False
2025-03-24,60,24,24,0,24,False
2025-03-25,60,24,24,0,24,False
2025-03-26,60,24,24,0,24,False
2025-03-27,60,24,24,0,24,False
2025-03-28,60,24,24,0,24,False
2025-03-29,60,24,24,0,24,False
2025-03-30,60,23,23,0,23,True
2025-03-31,60,24,24,0,24,False
2025-04-01,60,24,24,0,24,False
2025-04-02,60,24,24,0,24,False
2025-04-03,60,24,24,0,24,False
2025-04-04,60,24,24,0,24,False
2025-04-05,60,24,24,0,24,False
2025-04-06,60,24,24,0,24,False
2025-04-07,60,24,24,0,24,False
2025-04-08,60,24,24,0,24,False
2025-04-09,60,24,24,0,24,False
2025-04-10,60,24,24,0,24,False
2025-04-11,60,24,24,0,24,False
2025-04-12,60,24,24,0,24,False
2025-04-13,60,24,24,0,24,False
2025-04-14,60,24,24,0,24,False
2025-04-15,60,24,24,0,24,False
2025-04-16,60,24,24,0,24,False
2025-04-17,60,24,24,0,24,False
2025-04-18,60,24,24,0,24,False
2025-04-19,60,24,24,0,24,False
2025-04-20,60,24,24,0,24,False
2025-04-21,60,24,24,0,24,False
2025-04-22,60,24,24,0,24,False
2025-04-23,60,24,24,0,24,False
2025-04-24,60,24,24,0,24,False
2025-04-25,60,24,24,0,24,False
2025-04-26,60,24,24,0,24,False
2025-04-27,60,24,24,0,24,False
2025-04-28,60,24,24,0,24,False
2025-04-29,60,24,24,0,24,False
2025-04-30,60,24,24,0,24,False
2025-05-01,60,24,24,0,24,False
2025-05-02,60,24,24,0,24,False
2025-05-03,60,24,24,0,24,False
2025-05-04,60,24,24,0,24,False
2025-05-05,60,24,24,0,24,False
2025-05-06,60,24,24,0,24,False
2025-05-07,60,24,24,0,24,False
2025-05-08,60,24,24,0,24,False
2025-05-09,60,24,24,0,24,False
2025-05-10,60,24,24,0,24,False
2025-05-11,60,24,24,0,24,False
2025-05-12,60,24,24,0,24,False
2025-05-13,60,24,24,0,24,False
2025-05-14,60,24,24,0,24,False
2025-05-15,60,24,24,0,24,False
2025-05-16,60,24,24,0,24,False
2025-05-17,60,24,24,0,24,False
2025-05-18,60,24,24,0,24,False
2025-05-19,60,24,24,0,24,False
2025-05-20,60,24,24,0,24,False
2025-05-21,60,24,24,0,24,False
2025-05-22,60,24,24,0,24,False
2025-05-23,60,24,24,0,24,False
2025-05-24,60,24,24,0,24,False
2025-05-25,60,24,24,0,24,False
2025-05-26,60,24,24,0,24,False
2025-05-27,60,24,24,0,24,False
2025-05-28,60,24,24,0,24,False
2025-05-29,60,24,24,0,24,False
2025-05-30,60,24,24,0,24,False
2025-05-31,60,24,24,0,24,False
2025-06-01,60,24,24,0,24,False
2025-06-02,60,24,24,0,24,False
2025-06-03,60,24,24,0,24,False
2025-06-04,60,24,24,0,24,False
2025-06-05,60,24,24,0,24,False
2025-06-06,60,24,24,0,24,False
2025-06-07,60,24,24,0,24,False
2025-06-08,60,24,24,0,24,False
2025-06-09,60,24,24,0,24,False
2025-06-10,60,24,24,0,24,False
2025-06-11,60,24,24,0,24,False
2025-06-12,60,24,24,0,24,False
2025-06-13,60,24,24,0,24,False
2025-06-14,60,24,24,0,24,False
2025-06-15,60,24,24,0,24,False
2025-06-16,60,24,24,0,24,False
2025-06-17,60,24,24,0,24,False
2025-06-18,60,24,24,0,24,False
2025-06-19,60,24,24,0,24,False
2025-06-20,60,24,24,0,24,False
2025-06-21,60,24,24,0,24,False
2025-06-22,60,24,24,0,24,False
2025-06-23,60,24,24,0,24,False
2025-06-24,60,24,24,0,24,False
2025-06-25,60,24,24,0,24,False
2025-06-26,60,24,24,0,24,False
2025-06-27,60,24,24,0,24,False
2025-06-28,60,24,24,0,24,False
2025-06-29,60,24,24,0,24,False
2025-06-30,60,24,24,0,24,False
2025-07-01,60,24,24,0,24,False
2025-07-02,60,24,24,0,24,False
2025-07-03,60,24,24,0,24,False
2025-07-04,60,24,24,0,24,False
2025-07-05,60,24,24,0,24,False
2025-07-06,60,24,24,0,24,False
2025-07-07,60,24,24,0,24,False
2025-07-08,60,24,24,0,24,False
2025-07-09,60,24,24,0,24,False
2025-07-10,60,24,24,0,24,False
2025-07-11,60,24,24,0,24,False
2025-07-12,60,24,24,0,24,False
2025-07-13,60,24,24,0,24,False
2025-07-14,60,24,24,0,24,False
2025-07-15,60,24,24,0,24,False
2025-07-16,60,24,24,0,24,False
2025-07-17,60,24,24,0,24,False
2025-07-18,60,24,24,0,24,False
2025-07-19,60,24,24,0,24,False
2025-07-20,60,24,24,0,24,False
2025-07-21,60,24,24,0,24,False
2025-07-22,60,24,24,0,24,False
2025-07-23,60,24,24,0,24,False
2025-07-24,60,24,24,0,24,False
2025-07-25,60,24,24,0,24,False
2025-07-26,60,24,24,0,24,False
2025-07-27,60,24,24,0,24,False
2025-07-28,60,24,24,0,24,False
2025-07-29,60,24,24,0,24,False
2025-07-30,60,24,24,0,24,False
2025-07-31,60,24,24,0,24,False
2025-08-01,60,24,24,0,24,False
2025-08-02,60,24,24,0,24,False
2025-08-03,60,24,24,0,24,False
2025-08-04,60,24,24,0,24,False
2025-08-05,60,24,24,0,24,False
2025-08-06,60,24,24,0,24,False
2025-08-07,60,24,24,0,24,False
2025-08-08,60,24,24,0,24,False
2025-08-09,60,24,24,0,24,False
2025-08-10,60,24,24,0,24,False
2025-08-11,60,24,24,0,24,False
2025-08-12,60,24,24,0,24,False
2025-08-13,60,24,24,0,24,False
2025-08-14,60,24,24,0,24,False
2025-08-15,60,24,24,0,24,False
2025-08-16,60,24,24,0,24,False
2025-08-17,60,24,24,0,24,False
2025-08-18,60,24,24,0,24,False
2025-08-19,60,24,24,0,24,False
2025-08-20,60,24,24,0,24,False
2025-08-21,60,24,24,0,24,False
2025-08-22,60,24,24,0,24,False
2025-08-23,60,24,24,0,24,False
2025-08-24,60,24,24,0,24,False
2025-08-25,60,24,24,0,24,False
2025-08-26,60,24,24,0,24,False
2025-08-27,60,24,24,0,24,False
2025-08-28,60,24,24,0,24,False
2025-08-29,60,24,24,0,24,False
2025-08-30,60,24,24,0,24,False
2025-08-31,60,24,24,0,24,False
2025-09-01,60,24,24,0,24,False
2025-09-02,60,24,24,0,24,False
2025-09-03,60,24,24,0,24,False
2025-09-04,60,24,24,0,24,False
2025-09-05,60,24,24,0,24,False
2025-09-06,60,24,24,0,24,False
2025-09-07,60,24,24,0,24,False
2025-09-08,60,24,24,0,24,False
2025-09-09,60,24,24,0,24,False
2025-09-10,60,24,24,0,24,False
2025-09-11,60,24,24,0,24,False
2025-09-12,60,24,24,0,24,False
2025-09-13,60,24,24,0,24,False
2025-09-14,60,24,24,0,24,False
2025-09-15,60,24,24,0,24,False
2025-09-16,60,24,24,0,24,False
2025-09-17,60,24,24,0,24,False
2025-09-18,60,24,24,0,24,False
2025-09-19,60,24,24,0,24,False
2025-09-20,60,24,24,0,24,False
2025-09-21,60,24,24,0,24,False
2025-09-22,60,24,24,0,24,False
2025-09-23,60,24,24,0,24,False
2025-09-24,60,24,24,0,24,False
2025-09-25,60,24,24,0,24,False
2025-09-26,60,24,24,0,24,False
2025-09-27,60,24,24,0,24,False
2025-09-28,60,24,24,0,24,False
2025-09-29,60,24,24,0,24,False
2025-09-30,60,24,24,0,24,False
2025-10-01,15,96,96,0,96,False
2025-10-02,15,96,96,0,96,False
2025-10-03,15,96,96,0,96,False
2025-10-04,15,96,96,0,96,False
2025-10-05,15,96,96,0,96,False
2025-10-06,15,96,96,0,96,False
2025-10-07,15,96,96,0,96,False
2025-10-08,15,96,96,0,96,False
2025-10-09,15,96,96,0,96,False
2025-10-10,15,96,96,0,96,False
2025-10-11,15,96,96,0,96,False
2025-10-12,15,96,96,0,96,False
2025-10-13,15,96,96,0,96,False
2025-10-14,15,96,96,0,96,False
2025-10-15,15,96,96,0,96,False
2025-10-16,15,96,96,0,96,False
2025-10-17,15,96,96,0,96,False
2025-10-18,15,96,96,0,96,False
2025-10-19,15,96,96,0,96,False
2025-10-20,15,96,96,0,96,False
2025-10-21,15,96,96,0,96,False
2025-10-22,15,96,96,0,96,False
2025-10-23,15,96,96,0,96,False
2025-10-24,15,96,96,0,96,False
2025-10-25,15,96,96,0,96,False
2025-10-26,15,100,100,0,100,True
2025-10-27,15,96,96,0,96,False
2025-10-28,15,96,96,0,96,False
2025-10-29,15,96,96,0,96,False
2025-10-30,15,96,96,0,96,False
2025-10-31,15,96,96,0,96,False
2025-11-01,15,96,96,0,96,False
2025-11-02,15,96,96,0,96,False
2025-11-03,15,96,96,0,96,False
2025-11-04,15,96,96,0,96,False
2025-11-05,15,96,96,0,96,False
2025-11-06,15,96,96,0,96,False
2025-11-07,15,96,96,0,96,False
2025-11-08,15,96,96,0,96,False
2025-11-09,15,96,96,0,96,False
2025-11-10,15,96,96,0,96,False
2025-11-11,15,96,96,0,96,False
2025-11-12,15,96,96,0,96,False
2025-11-13,15,96,96,0,96,False
2025-11-14,15,96,96,0,96,False
2025-11-15,15,96,96,0,96,False
2025-11-16,15,96,96,0,96,False
2025-11-17,15,96,96,0,96,False
2025-11-18,15,96,96,0,96,False
2025-11-19,15,96,96,0,96,False
2025-11-20,15,96,96,0,96,False
2025-11-21,15,96,96,0,96,False
2025-11-22,15,96,96,0,96,False
2025-11-23,15,96,96,0,96,False
2025-11-24,15,96,96,0,96,False
2025-11-25,15,96,96,0,96,False
2025-11-26,15,96,96,0,96,False
2025-11-27,15,96,96,0,96,False
2025-11-28,15,96,96,0,96,False
2025-11-29,15,96,96,0,96,False
2025-11-30,15,96,96,0,96,False
2025-12-01,15,96,96,0,96,False
2025-12-02,15,96,96,0,96,False
2025-12-03,15,96,96,0,96,False
2025-12-04,15,96,96,0,96,False
2025-12-05,15,96,96,0,96,False
2025-12-06,15,96,96,0,96,False
2025-12-07,15,96,96,0,96,False
2025-12-08,15,96,96,0,96,False
2025-12-09,15,96,96,0,96,False
2025-12-10,15,96,96,0,96,False
2025-12-11,15,96,96,0,96,False
2025-12-12,15,96,96,0,96,False
2025-12-13,15,96,96,0,96,False
2025-12-14,15,96,96,0,96,False
2025-12-15,15,96,96,0,96,False
2025-12-16,15,96,96,0,96,False
2025-12-17,15,96,96,0,96,False
2025-12-18,15,96,96,0,96,False
2025-12-19,15,96,96,0,96,False
2025-12-20,15,96,96,0,96,False
2025-12-21,15,96,96,0,96,False
2025-12-22,15,96,96,0,96,False
2025-12-23,15,96,96,0,96,False
2025-12-24,15,96,96,0,96,False
2025-12-25,15,96,96,0,96,False
2025-12-26,15,96,96,0,96,False
2025-12-27,15,96,96,0,96,False
2025-12-28,15,96,96,0,96,False
2025-12-29,15,96,96,0,96,False
2025-12-30,15,96,96,0,96,False
2025-12-31,15,96,96,0,96,False
2026-01-01,15,96,96,0,96,False
2026-01-02,15,96,96,0,96,False
2026-01-03,15,96,96,0,96,False
2026-01-04,15,96,96,0,96,False
2026-01-05,15,96,96,0,96,False
2026-01-06,15,96,96,0,96,False
2026-01-07,15,96,96,0,96,False
2026-01-08,15,96,96,0,96,False
2026-01-09,15,96,96,0,96,False
2026-01-10,15,96,96,0,96,False
2026-01-11,15,96,96,0,96,False
2026-01-12,15,96,96,0,96,False
2026-01-13,15,96,96,0,96,False
2026-01-14,15,96,96,0,96,False
2026-01-15,15,96,96,0,96,False
2026-01-16,15,96,96,0,96,False
2026-01-17,15,96,96,0,96,False
2026-01-18,15,96,96,0,96,False
2026-01-19,15,96,96,0,96,False
2026-01-20,15,96,96,0,96,False
2026-01-21,15,96,96,0,96,False
2026-01-22,15,96,96,0,96,False
2026-01-23,15,96,96,0,96,False
2026-01-24,15,96,96,0,96,False
2026-01-25,15,96,96,0,96,False
2026-01-26,15,96,96,0,96,False
2026-01-27,15,96,96,0,96,False
2026-01-28,15,96,96,0,96,False
2026-01-29,15,96,96,0,96,False
2026-01-30,15,96,96,0,96,False
2026-01-31,15,96,96,0,96,False
2026-02-01,15,96,96,0,96,False
2026-02-02,15,96,96,0,96,False
2026-02-03,15,96,96,0,96,False
2026-02-04,15,96,96,0,96,False
2026-02-05,15,96,96,0,96,False
2026-02-06,15,96,96,0,96,False
2026-02-07,15,96,96,0,96,False
2026-02-08,15,96,96,0,96,False
2026-02-09,15,96,96,0,96,False
2026-02-10,15,96,96,0,96,False
2026-02-11,15,96,96,0,96,False
2026-02-12,15,96,96,0,96,False
2026-02-13,15,96,96,0,96,False
2026-02-14,15,96,96,0,96,False
2026-02-15,15,96,96,0,96,False
2026-02-16,15,96,96,0,96,False
2026-02-17,15,96,96,0,96,False
2026-02-18,15,96,96,0,96,False
2026-02-19,15,96,96,0,96,False
2026-02-20,15,96,96,0,96,False
2026-02-21,15,96,96,0,96,False
2026-02-22,15,96,96,0,96,False
2026-02-23,15,96,96,0,96,False
2026-02-24,15,96,96,0,96,False
2026-02-25,15,96,96,0,96,False
2026-02-26,15,96,96,0,96,False
2026-02-27,15,96,96,0,96,False
2026-02-28,15,96,96,0,96,False
2026-03-01,15,96,96,0,96,False
2026-03-02,15,96,96,0,96,False
2026-03-03,15,96,96,0,96,False
2026-03-04,15,96,96,0,96,False
2026-03-05,15,96,96,0,96,False
2026-03-06,15,96,96,0,96,False
2026-03-07,15,96,96,0,96,False
2026-03-08,15,96,96,0,96,False
2026-03-09,15,96,96,0,96,False
2026-03-10,15,96,96,0,96,False
2026-03-11,15,96,96,0,96,False
2026-03-12,15,96,96,0,96,False
2026-03-13,15,96,96,0,96,False
2026-03-14,15,96,96,0,96,False
2026-03-15,15,96,96,0,96,False
2026-03-16,15,96,96,0,96,False
2026-03-17,15,96,96,0,96,False
2026-03-18,15,96,96,0,96,False
2026-03-19,15,96,96,0,96,False
2026-03-20,15,96,96,0,96,False
2026-03-21,15,96,96,0,96,False
2026-03-22,15,96,96,0,96,False
2026-03-23,15,96,96,0,96,False
2026-03-24,15,96,96,0,96,False
2026-03-25,15,96,96,0,96,False
2026-03-26,15,96,96,0,96,False
2026-03-27,15,96,96,0,96,False
2026-03-28,15,96,96,0,96,False
2026-03-29,15,92,92,0,92,True
2026-03-30,15,96,96,0,96,False
2026-03-31,15,96,96,0,96,False
2026-04-01,15,96,96,0,96,False
2026-04-02,15,96,96,0,96,False
2026-04-03,15,96,96,0,96,False
2026-04-04,15,96,96,0,96,False
2026-04-05,15,96,96,0,96,False
2026-04-06,15,96,96,0,96,False
2026-04-07,15,96,96,0,96,False
2026-04-08,15,96,96,0,96,False
2026-04-09,15,96,96,0,96,False
2026-04-10,15,96,96,0,96,False
2026-04-11,15,96,96,0,96,False
2026-04-12,15,96,96,0,96,False
2026-04-13,15,96,96,0,96,False
2026-04-14,15,96,96,0,96,False
2026-04-15,15,96,96,0,96,False
2026-04-16,15,96,96,0,96,False
2026-04-17,15,96,96,0,96,False
2026-04-18,15,96,96,0,96,False
2026-04-19,15,96,96,0,96,False
2026-04-20,15,96,96,0,96,False
2026-04-21,15,96,96,0,96,False
2026-04-22,15,96,96,0,96,False
2026-04-23,15,96,96,0,96,False
2026-04-24,15,96,96,0,96,False
2026-04-25,15,96,96,0,96,False
2026-04-26,15,96,96,0,96,False
2026-04-27,15,96,96,0,96,False
2026-04-28,15,96,96,0,96,False
2026-04-29,15,96,96,0,96,False
2026-04-30,15,96,96,0,96,False
2026-05-01,15,96,96,0,96,False
2026-05-02,15,96,96,0,96,False
2026-05-03,15,96,96,0,96,False
2026-05-04,15,96,96,0,96,False
2026-05-05,15,96,96,0,96,False
2026-05-06,15,96,96,0,96,False
2026-05-07,15,96,96,0,96,False
2026-05-08,15,96,96,0,96,False
2026-05-09,15,96,96,0,96,False
2026-05-10,15,96,96,0,96,False
2026-05-11,15,96,96,0,96,False
2026-05-12,15,96,96,0,96,False
2026-05-13,15,96,96,0,96,False
2026-05-14,15,96,96,0,96,False
2026-05-15,15,96,96,0,96,False
2026-05-16,15,96,96,0,96,False
2026-05-17,15,96,96,0,96,False
2026-05-18,15,96,96,0,96,False
2026-05-19,15,96,96,0,96,False
2026-05-20,15,96,96,0,96,False
2026-05-21,15,96,96,0,96,False
2026-05-22,15,96,96,0,96,False
2026-05-23,15,96,96,0,96,False
2026-05-24,15,96,96,0,96,False
2026-05-25,15,96,96,0,96,False
2026-05-26,15,96,96,0,96,False
2026-05-27,15,96,96,0,96,False
2026-05-28,15,96,96,0,96,False
2026-05-29,15,96,96,0,96,False
2026-05-30,15,96,96,0,96,False
2026-05-31,15,96,96,0,96,False
2026-06-01,15,96,96,0,96,False
2026-06-02,15,96,96,0,96,False
2026-06-03,15,96,96,0,96,False
2026-06-04,15,96,96,0,96,False
2026-06-05,15,96,96,0,96,False
2026-06-06,15,96,96,0,96,False
2026-06-07,15,96,96,0,96,False
2026-06-08,15,96,96,0,96,False
2026-06-09,15,96,96,0,96,False
2026-06-10,15,96,96,0,96,False
2026-06-11,15,96,96,0,96,False
2026-06-12,15,96,96,0,96,False
2026-06-13,15,96,96,0,96,False
2026-06-14,15,96,96,0,96,False
2026-06-15,15,96,96,0,96,False
2026-06-16,15,96,96,0,96,False
2026-06-17,15,96,96,0,96,False
2026-06-18,15,96,96,0,96,False
2026-06-19,15,96,96,0,96,False
2026-06-20,15,96,96,0,96,False
2026-06-21,15,96,96,0,96,False
2026-06-22,15,96,96,0,96,False
2026-06-23,15,96,96,0,96,False
2026-06-24,15,96,96,0,96,False
2026-06-25,15,96,96,0,96,False
2026-06-26,15,96,96,0,96,False
2026-06-27,15,96,96,0,96,False
2026-06-28,15,96,96,0,96,False
2026-06-29,15,96,96,0,96,False
2026-06-30,15,96,96,0,96,False
2026-07-01,15,96,96,0,96,False
2026-07-02,15,96,96,0,96,False
2026-07-03,15,96,96,0,96,False
2026-07-04,15,96,96,0,96,False
2026-07-05,15,96,96,0,96,False
2026-07-06,15,96,96,0,96,False
2026-07-07,15,96,96,0,96,False
2026-07-08,15,96,96,0,96,False
2026-07-09,15,96,96,0,96,False
2026-07-10,15,96,96,0,96,False
2026-07-11,15,96,96,0,96,False
2026-07-12,15,96,96,0,96,False
2026-07-13,15,96,96,0,96,False
2026-07-14,15,96,96,0,96,False
2026-07-15,15,96,96,0,96,False
2026-07-16,15,96,96,0,96,False
2026-07-17,15,96,96,0,96,False
2026-07-18,15,96,96,0,96,False
2026-07-19,15,96,96,0,96,False
2026-07-20,15,96,96,0,96,False
2026-07-21,15,96,96,0,96,False
2026-07-22,15,96,96,0,96,False
2026-07-23,15,96,96,0,96,False
2026-07-24,15,96,96,0,96,False
2026-07-25,15,96,96,0,96,False
2026-07-26,15,96,96,0,96,False
2026-07-27,15,96,96,0,96,False
2026-07-28,15,96,96,0,96,False
2026-07-29,15,96,96,0,96,False
2026-07-30,15,96,96,0,96,False
2026-07-31,15,96,96,0,96,False
2026-08-01,15,96,96,0,96,False
2026-08-02,15,96,96,0,96,False
2026-08-03,15,96,96,0,96,False
2026-08-04,15,96,96,0,96,False
2026-08-05,15,96,96,0,96,False
2026-08-06,15,96,96,0,96,False
2026-08-07,15,96,96,0,96,False
2026-08-08,15,96,96,0,96,False
2026-08-09,15,96,96,0,96,False
2026-08-10,15,96,96,0,96,False
2026-08-11,15,96,96,0,96,False
2026-08-12,15,96,96,0,96,False
2026-08-13,15,96,96,0,96,False
2026-08-14,15,96,96,0,96,False
2026-08-15,15,96,96,0,96,False
2026-08-16,15,96,96,0,96,False
2026-08-17,15,96,96,0,96,False
2026-08-18,15,96,96,0,96,False
2026-08-19,15,96,96,0,96,False
2026-08-20,15,96,96,0,96,False
2026-08-21,15,96,96,0,96,False
2026-08-22,15,96,96,0,96,False
2026-08-23,15,96,96,0,96,False
2026-08-24,15,96,96,0,96,False
2026-08-25,15,96,96,0,96,False
2026-08-26,15,96,96,0,96,False
2026-08-27,15,96,96,0,96,False
2026-08-28,15,96,96,0,96,False
2026-08-29,15,96,96,0,96,False
2026-08-30,15,96,96,0,96,False
2026-08-31,15,96,96,0,96,False
2026-09-01,15,96,96,0,96,False
2026-09-02,15,96,96,0,96,False
2026-09-03,15,96,96,0,96,False
2026-09-04,15,96,96,0,96,False
2026-09-05,15,96,96,0,96,False
2026-09-06,15,96,96,0,96,False
2026-09-07,15,96,96,0,96,False
2026-09-08,15,96,96,0,96,False
2026-09-09,15,96,96,0,96,False
2026-09-10,15,96,96,0,96,False
2026-09-11,15,96,96,0,96,False
2026-09-12,15,96,96,0,96,False
2026-09-13,15,96,96,0,96,False
2026-09-14,15,96,96,0,96,False
2026-09-15,15,96,96,0,96,False
2026-09-16,15,96,96,0,96,False
2026-09-17,15,96,96,0,96,False
2026-09-18,15,96,96,0,96,False
2026-09-19,15,96,96,0,96,False
2026-09-20,15,96,96,0,96,False
2026-09-21,15,96,96,0,96,False
