# diff = ec - store; both sides native quarter-hourly, compared on their raw timestamp intersection, no resampling.
series,breakdown,group,window_start,window_end,n_days_missing_in_store,n_days_missing_in_ec,n,exact_fraction,diff_median,diff_p95_abs,diff_max_abs,corr
load,overall,all,2024-03-13T23:00:00+00:00,2026-09-21T21:45:00+00:00,0.0,0.0,88504,2.2597848684805206e-05,-546.956115500001,722.9500000000116,829.0281239999895,0.9999911090612781
load,year,2024,,,,,28124,0.0,-541.0,705.0085000000028,796.0099999999948,0.9999943862157593
load,year,2025,,,,,35040,5.7077625570776254e-05,-549.0400000000009,727.974794000003,792.9499999999971,0.9999872827009108
load,year,2026,,,,,25340,0.0,-549.0032784999967,733.04708645001,829.0281239999895,0.9999941162304594
solar,overall,all,2024-03-13T23:00:00+00:00,2026-09-15T21:45:00+00:00,0.0,0.0,87924,0.42876802693235067,-4.049999999999997,351.0451205000034,507.02999999999884,0.9999928235604401
solar,year,2024,,,,,28124,0.42465509884795904,-5.020000000000005,282.02999999999884,412.9800000000032,0.9999934480597313
solar,year,2025,,,,,35036,0.45105034821326634,-1.0101400000000424,345.0350000000017,507.02999999999884,0.9999906519244149
solar,year,2026,,,,,24764,0.40191406880956226,-11.499715000000037,406.9864659999988,503.0401500000007,0.9999946120193745
wind_onshore,overall,all,2024-03-13T23:00:00+00:00,2026-09-15T21:45:00+00:00,0.0,0.0,87924,9.098767117055639e-05,-34.95890499999996,136.97000000000116,184.9907600000006,0.9999940032651202
wind_onshore,year,2024,,,,,28124,0.0002488977385862608,-31.009999999998854,133.96999999999753,167.03000000000247,0.9999944199845366
wind_onshore,year,2025,,,,,35036,2.854207101267268e-05,-37.039999999999964,140.9641750000028,182.02999999999884,0.9999936256966314
wind_onshore,year,2026,,,,,24764,0.0,-34.99063000000024,137.00448799999958,184.9907600000006,0.9999940544514965
wind_offshore,overall,all,2024-03-13T23:00:00+00:00,2026-09-15T21:45:00+00:00,0.0,0.0,87932,0.10049811217759178,0.0,0.049999999999954525,0.0500000000001819,0.9999999998856759
wind_offshore,year,2024,,,,,28128,0.10157138794084186,0.0,0.049999999999954525,0.0500000000001819,0.9999999998650889
wind_offshore,year,2025,,,,,35040,0.09965753424657534,0.0,0.049999999999954525,0.0500000000001819,0.9999999998822415
wind_offshore,year,2026,,,,,24764,0.10046842190276208,0.0,0.049999999999954525,0.0500000000001819,0.9999999999048724
