# CAVEAT: a weekday-shape heuristic reconstruction, not a model -- these numbers describe how costly the simplest possible stand-in is, not a lower bound on what's achievable. See scripts/measurement_e_load_forecast_reconstruction.py's own module docstring for the exact per-weekday lookback table.
candidate,variant,reference,rmse_arm,rmse_reference,native_loss_diff,native_p,daily_loss_diff,daily_p,gate_pass
live,A,live_real,30.399764904061033,29.76181134990592,38.38029139479202,0.0355265319575806,38.38907018274363,0.06331126254043418,
live,A,baseline,30.399764904061033,45.27491471584702,-1125.6721963050406,3.774758283725532e-15,-1125.7767472873047,6.439959676640683e-12,True
live,B,live_real,31.20402732110802,29.76181134990592,87.92590622906692,0.00011683025145936554,87.9304288369266,0.0012063016941634697,
live,B,baseline,31.20402732110802,45.27491471584702,-1076.1265814707656,5.417888360170764e-14,-1076.2353886331218,2.4624968730790897e-11,True
live,C,live_real,30.69131772753003,29.76181134990592,56.19156902481033,0.006578726019099701,56.1979538238332,0.012738365223674775,
live,C,baseline,30.69131772753003,45.27491471584702,-1107.860918675022,6.439293542825908e-15,-1107.9678636462154,5.820677273504771e-12,True
live,D,live_real,31.83199318422418,29.76181134990592,127.51037525310569,4.386537459932782e-07,127.50957736781697,3.965674789996321e-05,
live,D,baseline,31.83199318422418,45.27491471584702,-1036.542112446727,2.289279876777073e-13,-1036.6562401022315,5.021538740379583e-11,True
core_no_commodities,A,core_no_commodities_real,27.457794412137318,26.445062217122057,54.58915831174297,0.003455081668910953,54.5931169679732,0.007058251569390883,
core_no_commodities,A,baseline,27.457794412137318,45.27491471584702,-1295.8874285480217,0.0,-1295.9775270438915,1.2434497875801753e-13,True
core_no_commodities,B,core_no_commodities_real,28.325294799578735,26.445062217122057,102.98100981558567,3.266084091402277e-05,102.98838341680785,0.00037648819038715864,
core_no_commodities,B,baseline,28.325294799578735,45.27491471584702,-1247.495577044179,0.0,-1247.5822605950568,8.526512829121202e-13,True
core_no_commodities,C,core_no_commodities_real,27.760764292134642,26.445062217122057,71.31871841600119,0.002597061625580377,71.3204284754432,0.005692940007449909,
core_no_commodities,C,baseline,27.760764292134642,45.27491471584702,-1279.1578684437638,0.0,-1279.2502155364214,1.4432899320127035e-13,True
core_no_commodities,D,core_no_commodities_real,29.132216298057312,26.445062217122057,149.3447107693396,1.6028960225789035e-07,149.34585269032607,1.053686057450598e-05,
core_no_commodities,D,baseline,29.132216298057312,45.27491471584702,-1201.131876090425,0.0,-1201.2247913215385,1.8114398869784054e-12,True
core_gas_only,A,core_gas_only_real,29.701720384865197,28.96593563680098,43.16676650541976,0.01615066116632513,43.173655548405215,0.028614118064123728,
core_gas_only,A,baseline,29.701720384865197,45.27491471584702,-1167.6257087065046,6.661338147750939e-16,-1167.7255229454775,2.69428923616033e-12,True
core_gas_only,B,core_gas_only_real,30.52647625292614,28.96593563680098,92.84032510516664,4.733459905081894e-05,92.84920414908828,0.0008040276796599244,
core_gas_only,B,baseline,30.52647625292614,45.27491471584702,-1117.9521501067577,6.217248937900877e-15,-1118.0499743447942,6.476819081058238e-12,True
core_gas_only,C,core_gas_only_real,29.96972181425709,28.96593563680098,59.158798308660316,0.004740288568222617,59.16353788500556,0.011242445581699734,
core_gas_only,C,baseline,29.96972181425709,45.27491471584702,-1151.633676903264,8.881784197001252e-16,-1151.735640608877,2.4866775305554256e-12,True
core_gas_only,D,core_gas_only_real,31.234772624272512,28.96593563680098,136.58559357470665,2.0876207229569843e-07,136.58859287824262,4.764126869094554e-05,
core_gas_only,D,baseline,31.234772624272512,45.27491471584702,-1074.2068816372177,3.4638958368304884e-14,-1074.3105856156399,1.8560264436473517e-11,True
