# CAVEAT (spec section 7, verbatim): Energy-Charts load is, per the probe data so far, only available shortly before the LAST submission slot (n small). These numbers apply only to slots where the probe demonstrates availability. See docs/sprint6_auftrag_ec_load_sonde_fein.md for the dedicated fine-grained probe.
arm,reference,rmse_arm,rmse_reference,native_loss_diff,native_p,daily_loss_diff,daily_p
D1,D0,26.493101771436535,26.445062217122057,2.543125804237272,0.6888913733492505,2.54388178935058,0.6673337673856117
D1,floor_core,26.493101771436535,38.38697226915655,-771.6751985213006,0.0,-771.8732636789575,2.540190280342358e-13
D1,baseline,26.493101771436535,45.27491471584702,-1347.9334610555277,0.0,-1348.026762222514,3.441691376337985e-14
D2,D0,26.538110311727188,26.445062217122057,4.929983249944251,0.20520270013085473,4.928410203020822,0.331898117424571
D2,floor_core,26.538110311727188,38.38697226915655,-769.2883410755936,0.0,-769.4887352652875,1.4810375148499588e-13
D2,baseline,26.538110311727188,45.27491471584702,-1345.5466036098205,0.0,-1345.6422338088437,2.398081733190338e-14
D3,D0,26.42849169021857,26.445062217122057,-0.8761426475044456,0.4463052005231323,-0.8760544559426825,0.5321528862808564
D3,floor_core,26.42849169021857,38.38697226915655,-775.0944669730422,0.0,-775.2931999242508,9.015010959956271e-14
D3,baseline,26.42849169021857,45.27491471584702,-1351.3527295072695,0.0,-1351.4466984678072,1.887379141862766e-14
D3_k3,D0,27.91905955888076,26.445062217122057,80.13257098487453,9.259056289900869e-06,80.11485166864168,0.00010358227147277965
D3_k3,floor_core,27.91905955888076,38.38697226915655,-694.0857533406635,8.659739592076221e-15,-694.3022937996665,2.840505608503463e-11
D3_k3,baseline,27.91905955888076,45.27491471584702,-1270.3440158748906,0.0,-1270.455792343223,1.432409746371377e-12
