group,h,rmse_ffill,rmse_partial,rmse_silence,ffill_vs_silence_native_p,ffill_vs_silence_native_loss_diff,ffill_vs_silence_daily_p,ffill_beats_silence,partial_vs_silence_native_p,partial_vs_silence_native_loss_diff,partial_vs_silence_daily_p,partial_beats_silence
load_forecast,1,30.897474367191492,31.831607445117896,45.27491471584702,9.836575998178887e-14,-1095.1639802559657,3.31434879541348e-11,True,1.2179146580137967e-12,-1036.5666699871363,2.1322654752964354e-10,True
load_forecast,2,30.91176146306177,32.001474066735504,45.27491471584702,8.903988657493755e-14,-1094.280905777991,2.9708013826734714e-11,True,8.5087492607272e-13,-1025.7235600832762,1.6986878570435238e-10,True
load_forecast,3,31.029943613830053,32.397553611312496,45.27491471584702,1.234568003383174e-13,-1086.9605018497487,3.5428104894208445e-11,True,3.7636560534792807e-13,-1000.2164225293541,1.3758394423746267e-10,True
load_forecast,6,40.321198740819746,33.88953800176819,45.27491471584702,0.009080059077423153,-424.0188346305376,0.027406331384588256,True,3.808064974464287e-13,-901.3171165539313,9.48621181606768e-11,True
price_lags,1,30.887634960603364,31.831607445117896,45.27491471584702,9.681144774731365e-14,-1095.7719090677344,3.2849500897214057e-11,True,1.2179146580137967e-12,-1036.5666699871363,2.1322654752964354e-10,True
price_lags,2,30.875304419110265,32.001474066735504,45.27491471584702,9.08162434143378e-14,-1096.5334795544916,3.166156226086514e-11,True,8.5087492607272e-13,-1025.7235600832762,1.6986878570435238e-10,True
price_lags,3,30.891398004316127,32.397553611312496,45.27491471584702,9.547918011776346e-14,-1095.539431866155,3.3085978401459215e-11,True,3.7636560534792807e-13,-1000.2164225293541,1.3758394423746267e-10,True
price_lags,6,31.845451640262432,33.88953800176819,45.27491471584702,3.950617610826157e-12,-1035.685112354928,5.88210813390333e-10,True,3.808064974464287e-13,-901.3171165539313,9.48621181606768e-11,True
actual_lags,1,30.893993961345583,31.831607445117896,45.27491471584702,1.0058620603103918e-13,-1095.379039643564,3.374900359176536e-11,True,1.2179146580137967e-12,-1036.5666699871363,2.1322654752964354e-10,True
actual_lags,2,30.894224669048917,32.001474066735504,45.27491471584702,9.992007221626409e-14,-1095.3647846255508,3.3606673000008414e-11,True,8.5087492607272e-13,-1025.7235600832762,1.6986878570435238e-10,True
actual_lags,3,30.899823135383723,32.397553611312496,45.27491471584702,1.0036416142611415e-13,-1095.018832729226,3.378342050552874e-11,True,3.7636560534792807e-13,-1000.2164225293541,1.3758394423746267e-10,True
actual_lags,6,30.912910927037352,33.88953800176819,45.27491471584702,1.092459456231154e-13,-1094.2098405442762,3.5435210321566046e-11,True,3.808064974464287e-13,-901.3171165539313,9.48621181606768e-11,True
nwp_residual,1,30.898105345543236,31.831607445117896,45.27491471584702,9.880984919163893e-14,-1095.1249885829336,3.3268277022102666e-11,True,1.2179146580137967e-12,-1036.5666699871363,2.1322654752964354e-10,True
nwp_residual,2,30.9119473474835,32.001474066735504,45.27491471584702,9.015010959956271e-14,-1094.2694137136289,3.0002444972865305e-11,True,8.5087492607272e-13,-1025.7235600832762,1.6986878570435238e-10,True
nwp_residual,3,31.029192153260052,32.397553611312496,45.27491471584702,1.241229341530925e-13,-1087.0071368432864,3.573208395835081e-11,True,3.7636560534792807e-13,-1000.2164225293541,1.3758394423746267e-10,True
nwp_residual,6,40.65738045208042,33.88953800176819,45.27491471584702,0.014682594392297688,-396.7953173020107,0.03907504254393923,True,3.808064974464287e-13,-901.3171165539313,9.48621181606768e-11,True
