config,basis,position,k,rmse_variant,rmse_gapfree,rmse_diff,native_vs_gapfree_p,native_vs_gapfree_loss_diff,daily_vs_gapfree_p,native_vs_baseline_p,native_vs_baseline_loss_diff,daily_vs_baseline_p,gate_pass
live__random_1,live,random,1,29.63585592359402,29.76181134990592,-0.1259554263119007,0.3676769193505889,-7.481458503366115,0.3588223888870785,4.440892098500626e-16,-1171.5339462031986,1.475708444331758e-12,True
live__random_3,live,random,3,29.67956402026232,29.76181134990592,-0.08224732964360015,0.548324282508974,-4.888894394539248,0.5586717675138195,4.440892098500626e-16,-1168.9413820943719,1.4133139103478243e-12,True
live__random_7,live,random,7,29.950003037100025,29.76181134990592,0.18819168719410584,0.11996209073744724,11.23726709491184,0.10294009951957506,8.881784197001252e-16,-1152.8152206049208,1.7765788840051755e-12,True
live__edge_1,live,edge,1,30.179248230155494,29.76181134990592,0.4174368802495749,0.059483647902416115,25.021608909954768,0.03939174987829519,3.774758283725532e-15,-1139.0308787898778,7.37143679430119e-12,True
live__edge_3,live,edge,3,30.49557963183197,29.76181134990592,0.73376828192605,0.0018477406533901064,44.2149622540159,0.0037731358001611426,1.7763568394002505e-14,-1119.8375254458167,2.3713919716783494e-11,True
live__edge_7,live,edge,7,31.700481760881807,29.76181134990592,1.938670410975888,9.371536324742635e-08,119.15512904461109,5.051121170440709e-06,4.920508445138694e-13,-1044.8973586552215,8.726375178014223e-11,True
live__edge_14,live,edge,14,32.57611699558418,29.76181134990592,2.8143056456782602,1.860438469947212e-10,175.4379836825999,2.804043601756234e-07,4.764633132481322e-12,-988.6145040172327,2.41833442160555e-10,True
core_no_commodities__random_7,core_no_commodities,random,7,26.947234765356136,26.445062217122057,0.5021725482340784,0.0009600090072703349,26.812145831761743,0.0001563438082710089,0.0,-1323.6644410280032,2.7977620220553945e-14,True
core_no_commodities__edge_7,core_no_commodities,edge,7,29.266749667571673,26.445062217122057,2.821687450449616,6.465752377948775e-10,157.20132043685015,1.0862236998754327e-07,2.220446049250313e-16,-1193.2752664229147,5.136779890335674e-12,True
