# delta = l2 - median; a NEGATIVE delta means the l2 (mean) objective is better.
period,regime,axis,n,mae_median,mae_l2,mae_delta,rmse_median,rmse_l2,rmse_delta,wape_median,wape_l2,wape_delta,mae_per_day_mean_median,mae_per_day_mean_l2,mae_per_day_mean_delta,mae_per_day_std_median,mae_per_day_std_l2,mae_per_day_std_delta,mae_per_day_p05_median,mae_per_day_p05_l2,mae_per_day_p05_delta,mae_per_day_p50_median,mae_per_day_p50_l2,mae_per_day_p50_delta,mae_per_day_p95_median,mae_per_day_p95_l2,mae_per_day_p95_delta
full,overall,overall,43802,15.398778273883742,15.650135105431792,0.25135683154804944,26.59255813319937,26.526100959587197,-0.06645717361217152,0.12846057148742585,0.13055745486697898,0.0020968833795531328,15.393809013316998,15.644716469421324,0.25090745610432563,14.554885532620519,14.251275961215851,-0.3036095714046674,3.851215859820435,3.9854009865100464,0.13418512668961124,11.176807436236723,11.416253233014507,0.23944579677778322,41.3284330270562,42.349191163583285,1.0207581365270855
full,calm,macro,5831,6.247650064558423,6.253987226040743,0.006337161482320219,8.91315809715829,8.801844890750388,-0.11131320640790143,0.09972871396018992,0.09982987150874967,0.00010115754855974379,6.248215787213207,6.254187967093677,0.005972179880470385,3.6187024911666144,3.482178494223496,-0.13652399694311823,2.3965893510251166,2.7021088314295314,0.3055194804044148,5.192713004919423,5.295245480679962,0.10253247576053948,13.430717962805884,13.434846755481045,0.004128792675160753
full,crisis,macro,13848,25.387093813512088,25.287095488929282,-0.09999832458280622,36.59700965317106,36.5642004957875,-0.03280915738355361,0.12552931233650091,0.12503485948530452,-0.0004944528511963975,25.387044678227916,25.287072126249804,-0.09997255197811228,18.504560701269575,18.641556074948575,0.1369953736789995,7.023778770939478,7.248618788951688,0.22484001801221076,20.103689241592104,19.945858285026496,-0.15783095656560775,63.35927314592264,64.58681257170929,1.2275394257866452
full,post_crisis,macro,24123,11.87691262681674,12.389193717298303,0.5122810904815633,22.270834110004575,22.168327437884244,-0.10250667212033093,0.13743301259760965,0.14336084382562633,0.005927831228016683,11.871226682590978,12.382548688184333,0.511322005593355,9.762573648529514,9.020499033344556,-0.7420746151849578,4.593699690111359,4.889408990352212,0.29570930024085307,9.739645155392465,10.225324033630159,0.4856788782376942,24.285049146428328,25.990579957671628,1.7055308112432996
full,renewable_scarcity,flag,3918,21.765859964548568,21.595740398998277,-0.17011956555029073,45.01822685087591,42.306558031909674,-2.7116688189662383,0.11978014485938006,0.11884395643226449,-0.0009361884271155696,20.125442938597953,20.199139036271394,0.07369609767344087,24.661152229208323,25.507295912790624,0.8461436835823015,2.154436448505957,2.550683178551747,0.39624673004579014,10.804629441328629,10.38096467739989,-0.4236647639287394,77.62063797925735,76.61228323836161,-1.00835474089574
full,high_wind,flag,12644,14.13959946506172,14.592432245543508,0.45283278048178843,20.458850560920677,20.987261272229844,0.5284107113091672,0.1869418301265433,0.1929288023129713,0.005986972186427991,14.647782997629283,15.087543404900883,0.43976040727159926,13.278738016232467,13.89470080186672,0.6159627856342542,3.2159775661824614,3.6744447027274942,0.4584671365450328,11.39825491493953,12.156840802392319,0.7585858874527887,35.64069447434926,36.07125115559328,0.43055668124402047
full,negative_price,flag,1542,13.043259588058964,14.690622987882787,1.6473633998238224,27.414875985751294,28.166413492606857,0.7515375068555628,1.1287608734247543,1.2713233469751122,0.1425624735503579,11.645271451729664,13.671930425373702,2.0266589736440377,12.557947807210953,14.720824177173677,2.1628763699627243,1.5516193698990086,1.8336161630032681,0.2819967931042595,8.393613895377591,9.553979850314699,1.1603659549371077,31.52951675532589,41.18648655437084,9.656969799044948
full,price_spike,flag,2595,38.194726614237176,38.01614937641674,-0.17857723782043422,63.508848464275985,61.52488049524089,-1.983967969035092,0.14102166282771453,0.14036232418981912,-0.0006593386378954125,33.73371183687652,32.26694376069976,-1.4667680761767627,34.886039585274695,32.346040472437736,-2.5399991128369592,3.5755747066233803,3.5391525166978743,-0.03642218992550594,23.897368026085985,23.243741320307954,-0.6536267057780307,90.73556402290052,94.41430005190298,3.678736029002465
full,normal,flag,24675,13.784286109065999,13.917934236152258,0.13364812708625884,22.389832341774643,22.528131289205163,0.1382989474305205,0.11035169308837264,0.11142162859213142,0.0010699355037587788,14.21764292431615,14.414489788007106,0.19684686369095594,15.839715707321131,15.925345643414317,0.08562993609318603,2.9799392621671186,3.2446020393052595,0.2646627771381409,9.472575661459718,9.803439205460938,0.33086354400122,39.26543856666374,41.46684822566038,2.2014096589966385
recent,overall,overall,8760,11.90352687278443,12.632418679300145,0.7288918065157137,20.68081459845107,22.288808082432787,1.6079934839817156,0.13122569570125922,0.13926107340260752,0.008035377701348295,11.886631062698703,12.612009004504595,0.7253779418058919,7.811165126321765,8.395478638534966,0.5843135122132006,4.551009163339297,4.97663880125082,0.42562963791152253,10.249215231062959,10.486785168335444,0.237569937272486,24.41684942496247,29.783460545581192,5.366611120618721
recent,calm,macro,0,,,,,,,,,,,,,,,,,,,,,,,,
recent,crisis,macro,0,,,,,,,,,,,,,,,,,,,,,,,,
recent,post_crisis,macro,8760,11.90352687278443,12.632418679300145,0.7288918065157137,20.68081459845107,22.288808082432787,1.6079934839817156,0.13122569570125922,0.13926107340260752,0.008035377701348295,11.886631062698703,12.612009004504595,0.7253779418058919,7.811165126321765,8.395478638534966,0.5843135122132006,4.551009163339297,4.97663880125082,0.42562963791152253,10.249215231062959,10.486785168335444,0.237569937272486,24.41684942496247,29.783460545581192,5.366611120618721
recent,renewable_scarcity,flag,625,23.65085430482098,26.465027050582542,2.81417274576156,43.23862229458415,50.199752945528246,6.961130650944099,0.15961417635557457,0.1786063809984942,0.018992204642919647,23.09087492658903,26.188381692226706,3.097506765637675,26.37572998817597,35.37133221965635,8.995602231480383,2.1709619860249436,3.2956413408448118,1.1246793548198681,12.575075909242532,12.293461005353144,-0.2816149038893876,70.35396657015654,83.02332173376055,12.66935516360401
recent,high_wind,flag,2598,10.355628529046438,10.790100664968287,0.4344721359218493,14.382476321965463,14.512772878651546,0.13029655668608342,0.14367827161320457,0.14970631765389203,0.0060280460406874625,10.254249717427305,10.686481711376368,0.4322319939490633,7.224351004265747,7.3126627187046305,0.0883117144388832,2.723041018481958,3.180635953645046,0.45759493516308813,8.643410109028679,9.127249855519622,0.4838397464909434,21.85248734987751,20.373240170045985,-1.4792471798315248
recent,negative_price,flag,576,11.295750344788972,12.360638489516724,1.0648881447277514,22.1386426490616,21.450589911159692,-0.6880527379019092,1.03701690528246,1.1347799555101945,0.09776305022773446,10.884693574803949,12.464261673241541,1.5795680984375924,12.071093174422026,13.519232640060416,1.4481394656383895,1.665819074379179,1.8813182689337684,0.21549919455458943,7.082445250434955,8.017856558095678,0.9354113076607229,32.91640541307811,34.03172511798411,1.1153197049059997
recent,price_spike,flag,590,39.44533162684366,41.99018954414529,2.544857917301627,57.46672692200344,62.738558933309776,5.271832011306337,0.20039109064857805,0.2133195369959956,0.01292844634741755,35.286450393283474,35.33287797458147,0.04642758129799773,27.72753198244534,28.56456308945761,0.8370311070122725,7.5043914726033725,5.536617205718244,-1.9677742668851286,28.407534435501816,27.281898757125862,-1.1256356783759536,78.42174190787136,88.51303202941189,10.091290121540524
recent,normal,flag,4778,9.479364722001435,10.046988036509822,0.5676233145083867,13.775753593140841,15.02243359271442,1.246679999573578,0.10261038978392814,0.10875468861198859,0.006144298828060446,9.826670659147823,10.30197813465612,0.47530747550829666,7.217392157635251,7.010806758079886,-0.20658539955536526,3.5079184381179074,4.1062415908381125,0.5983231527202051,8.284807823754143,8.957118658199752,0.672310834445609,18.676709492878143,19.242806602793536,0.5660971099153933
