variant,target,breakdown,n,rmse_cf_model,mae_cf_model,rmse_mw_model,mae_mw_model,rmse_cf_baseline,mae_cf_baseline,rmse_mw_baseline,mae_mw_baseline
rolling365_l2,solar,overall,11279,0.017794131842356398,0.00938760953575817,2022.7530669997616,1079.6915316968043,0.03321678630113034,0.015903485318159452,3831.6383093954,1835.2348801457874
rolling365_l2,solar,daylight,6734,0.023024008366616205,0.01571560538043255,2617.2608118343646,1807.4927036445013,0.04297954410059706,0.026625017308863994,4957.796534697443,3072.4833281775773
rolling365_l2,solar,dark,4545,1.6034099554243636e-05,1.7339691427287693e-06,1.7725078375123209,0.1947360585834069,1.0870692357646019e-05,9.835437737717942e-07,1.1958866920951607,0.11041684708993177
rolling365_l2,solar,season_winter,2112,0.010142774397885088,0.004614874867746484,1205.6272554335549,548.3974789040508,0.01868465879467231,0.007433187203493034,2230.0324865403354,884.9571328979266
rolling365_l2,solar,season_spring,3958,0.017645131077773244,0.010196956752727693,2020.582914811469,1173.9890249662149,0.03905781103051391,0.019228420728144794,4501.144909367321,2211.9322365274334
rolling365_l2,solar,season_summer,3192,0.02431728638161852,0.014004491953316857,2734.623530510871,1600.678729445586,0.03491586459778802,0.018876581989007303,4033.1647970203894,2182.304809052884
rolling365_l2,solar,season_autumn,2017,0.01065713143992437,0.005441590789386679,1216.1804527300922,620.7921471204274,0.029643291813164472,0.013513450525040558,3368.9831989510894,1538.132095285081
rolling365_l2,wind_onshore,overall,11279,0.02533612556721707,0.017922783986764914,1715.8115176906526,1208.5414795396593,0.13532044905212376,0.10055395467535558,9121.422708685732,6774.493899218509
rolling365_l2,wind_onshore,daylight,6734,0.026602180546809674,0.018010811636981428,1803.7634670776383,1214.1858971084741,0.13112239283078495,0.09669653632764752,8828.042079354402,6508.322568563995
rolling365_l2,wind_onshore,dark,4545,0.023332099113606366,0.017792218703279603,1576.3470565552702,1200.1695080265142,0.14131765435213686,0.10627539468711496,9539.972788524654,7169.287298304927
rolling365_l2,wind_onshore,season_winter,2112,0.027964831686482963,0.021589619535049804,1909.7426221091278,1473.4957048175659,0.1543543742775916,0.11940508060364619,10527.19202743001,8142.9313514933865
rolling365_l2,wind_onshore,season_spring,3958,0.02283139720250386,0.016294279591416765,1530.2096123317262,1092.4518053590975,0.13457344934633386,0.0986296065501507,9057.010377122562,6627.490045128363
rolling365_l2,wind_onshore,season_summer,3192,0.027677229393220353,0.01791909107474353,1890.9849658144713,1211.3403107229933,0.10880336021368858,0.08095429877294208,7327.145944371194,5454.17528404112
rolling365_l2,wind_onshore,season_autumn,2017,0.023112981619452865,0.017276725499808365,1543.7587342251109,1153.8054039786766,0.15244520458779606,0.11579747553856592,10175.161454771354,7731.400713942651
rolling365_l2,wind_offshore,overall,11279,0.05514316855561935,0.04112016338885563,538.0237579919354,399.56242665037604,0.2146503772973293,0.16366958595489373,2077.0231626348145,1584.3318065980864
rolling365_l2,wind_offshore,daylight,6734,0.05640949487840431,0.04193821003267035,554.8165895190273,409.5225196094151,0.20422726419335782,0.15533773544036403,1982.0215433332369,1507.767059831601
rolling365_l2,wind_offshore,dark,4545,0.05321156989841424,0.0399081224428824,512.1317176499421,384.8052724179955,0.22922387837601968,0.17601429032559632,2210.28606223037,1697.7722916862087
rolling365_l2,wind_offshore,season_winter,2112,0.062324165897574516,0.048807403692992885,610.2605924267748,476.80379353376424,0.22874670706334274,0.17235693558167617,2228.5936692439395,1680.2307674540582
rolling365_l2,wind_offshore,season_spring,3958,0.05200403819766177,0.037812315697827815,511.29792630353745,371.2058943315538,0.2174317937886422,0.16334840644659945,2129.02106890831,1601.3641773347742
rolling365_l2,wind_offshore,season_summer,3192,0.05070382769724065,0.03746241193006468,510.9674082233546,371.9532873046814,0.18536080488133014,0.14433931158419,1829.027383489788,1418.6735358228702
rolling365_l2,wind_offshore,season_autumn,2017,0.05967542161005049,0.045350481829713817,550.055705631119,418.02041418217567,0.23603642490553295,0.1857944158375664,2175.891163186944,1712.6552927710507
expanding_l2,solar,overall,11279,0.020523024880607414,0.01082390242071462,2385.3449946190713,1257.2269839412477,0.03321678630113034,0.015903485318159452,3831.6383093954,1835.2348801457874
expanding_l2,solar,daylight,6734,0.026554951931558334,0.01812025282573155,3086.42233702372,2104.7232867386642,0.04297954410059706,0.026625017308863994,4957.796534697443,3072.4833281775773
expanding_l2,solar,dark,4545,1.6034099554243636e-05,1.7339691427287693e-06,1.7725078375123209,0.1947360585834069,1.0870692357646019e-05,9.835437737717942e-07,1.1958866920951607,0.11041684708993177
expanding_l2,solar,season_winter,2112,0.010331232692003398,0.00469439633040489,1227.958217163291,557.7866764544918,0.01868465879467231,0.007433187203493034,2230.0324865403354,884.9571328979266
expanding_l2,solar,season_spring,3958,0.019686919308910453,0.011313752471386008,2287.5583576559675,1311.1247653295782,0.03905781103051391,0.019228420728144794,4501.144909367321,2211.9322365274334
expanding_l2,solar,season_summer,3192,0.029258735296293144,0.017406497647571118,3400.436294294442,2024.8075009379722,0.03491586459778802,0.018876581989007303,4033.1647970203894,2182.304809052884
expanding_l2,solar,season_autumn,2017,0.011159948651177401,0.005801335351463037,1273.0325880870748,661.7317532301389,0.029643291813164472,0.013513450525040558,3368.9831989510894,1538.132095285081
expanding_l2,wind_onshore,overall,11279,0.024897421342353742,0.017551015355881074,1684.1310455597477,1182.9402399633052,0.13532044905212376,0.10055395467535558,9121.422708685732,6774.493899218509
expanding_l2,wind_onshore,daylight,6734,0.025771600504199976,0.01749137737430922,1744.8080398301113,1178.3944429436397,0.13112239283078495,0.09669653632764752,8828.042079354402,6508.322568563995
expanding_l2,wind_onshore,dark,4545,0.023541106090689483,0.01763947222086916,1589.8741633820332,1189.6827041217766,0.14131765435213686,0.10627539468711496,9539.972788524654,7169.287298304927
expanding_l2,wind_onshore,season_winter,2112,0.027736538836310273,0.021289667764138185,1893.5694338628575,1452.811745116775,0.1543543742775916,0.11940508060364619,10527.19202743001,8142.9313514933865
expanding_l2,wind_onshore,season_spring,3958,0.022960352019440466,0.016157586806144954,1539.0462029247387,1083.0026830978657,0.13457344934633386,0.0986296065501507,9057.010377122562,6627.490045128363
expanding_l2,wind_onshore,season_summer,3192,0.026314072827805686,0.017475075999848568,1793.3979511617322,1179.7542631532142,0.10880336021368858,0.08095429877294208,7327.145944371194,5454.17528404112
expanding_l2,wind_onshore,season_autumn,2017,0.023008482014758344,0.016477498658126213,1536.9233735328403,1100.487363039154,0.15244520458779606,0.11579747553856592,10175.161454771354,7731.400713942651
expanding_l2,wind_offshore,overall,11279,0.05565943227321686,0.04133754568720924,543.5718509207252,401.73806915509635,0.2146503772973293,0.16366958595489373,2077.0231626348145,1584.3318065980864
expanding_l2,wind_offshore,daylight,6734,0.05670597406208664,0.04200144015443326,558.5720715937192,410.1798281747654,0.20422726419335782,0.15533773544036403,1982.0215433332369,1507.767059831601
expanding_l2,wind_offshore,dark,4545,0.054071621011910334,0.0403539009474322,520.5530565037996,389.2305212478462,0.22922387837601968,0.17601429032559632,2210.28606223037,1697.7722916862087
expanding_l2,wind_offshore,season_winter,2112,0.060113961803173493,0.047070450433806865,588.9467947587485,459.9530557302781,0.22874670706334274,0.17235693558167617,2228.5936692439395,1680.2307674540582
expanding_l2,wind_offshore,season_spring,3958,0.05440734992924964,0.03952370045613826,535.5493629722621,388.3092943444285,0.2174317937886422,0.16334840644659945,2129.02106890831,1601.3641773347742
expanding_l2,wind_offshore,season_summer,3192,0.051230778205112515,0.037082483906303275,516.5761902403901,367.96954982760354,0.18536080488133014,0.14433931158419,1829.027383489788,1418.6735358228702
expanding_l2,wind_offshore,season_autumn,2017,0.059812584972936754,0.0456278093482982,551.3092435824789,420.5730482067551,0.23603642490553295,0.1857944158375664,2175.891163186944,1712.6552927710507
rolling365_quantile,solar,overall,11279,0.017114984826403272,0.009065905335779688,1951.1881573784053,1043.7564768121076,0.03321678630113034,0.015903485318159452,3831.6383093954,1835.2348801457874
rolling365_quantile,solar,daylight,6734,0.022145252834719836,0.015177006887936592,2524.66221663688,1747.3300872100508,0.04297954410059706,0.026625017308863994,4957.796534697443,3072.4833281775773
rolling365_quantile,solar,dark,4545,1.6034099554243636e-05,1.7339691427287693e-06,1.7725078375123209,0.1947360585834069,1.0870692357646019e-05,9.835437737717942e-07,1.1958866920951607,0.11041684708993177
rolling365_quantile,solar,season_winter,2112,0.010084184696913629,0.004560626924775815,1198.7330338472375,541.9164029850225,0.01868465879467231,0.007433187203493034,2230.0324865403354,884.9571328979266
rolling365_quantile,solar,season_spring,3958,0.017716855143969666,0.010089257408093572,2025.9424932858662,1160.632692054411,0.03905781103051391,0.019228420728144794,4501.144909367321,2211.9322365274334
rolling365_quantile,solar,season_summer,3192,0.02233417694460372,0.012896539964687937,2524.8414617951994,1478.5662352179436,0.03491586459778802,0.018876581989007303,4033.1647970203894,2182.304809052884
rolling365_quantile,solar,season_autumn,2017,0.011139803430331555,0.005670993069889485,1270.7738821001747,646.857594865491,0.029643291813164472,0.013513450525040558,3368.9831989510894,1538.132095285081
rolling365_quantile,wind_onshore,overall,11279,0.025867063952755853,0.018078644631369937,1751.1619362981826,1218.6067140480636,0.13532044905212376,0.10055395467535558,9121.422708685732,6774.493899218509
rolling365_quantile,wind_onshore,daylight,6734,0.02716843196962953,0.018117163718682317,1841.578045700979,1220.7451498433277,0.13112239283078495,0.09669653632764752,8828.042079354402,6508.322568563995
rolling365_quantile,wind_onshore,dark,4545,0.023806183417327997,0.01802151195155665,1607.7167803554898,1215.434921149616,0.14131765435213686,0.10627539468711496,9539.972788524654,7169.287298304927
rolling365_quantile,wind_onshore,season_winter,2112,0.02787098986569014,0.021467740599961146,1903.3213640052988,1465.2096096684227,0.1543543742775916,0.11940508060364619,10527.19202743001,8142.9313514933865
rolling365_quantile,wind_onshore,season_spring,3958,0.022904700794866662,0.01623283612091302,1531.8485097286186,1087.590590646095,0.13457344934633386,0.0986296065501507,9057.010377122562,6627.490045128363
rolling365_quantile,wind_onshore,season_summer,3192,0.029568906365570663,0.01883450232004906,2019.0420977557199,1272.273389951254,0.10880336021368858,0.08095429877294208,7327.145944371194,5454.17528404112
rolling365_quantile,wind_onshore,season_autumn,2017,0.022653155815090704,0.016941717752082832,1513.0270372355546,1131.4744205700563,0.15244520458779606,0.11579747553856592,10175.161454771354,7731.400713942651
rolling365_quantile,wind_offshore,overall,11279,0.05537287559774153,0.04070248817174627,540.6541499954167,395.50688944578815,0.2146503772973293,0.16366958595489373,2077.0231626348145,1584.3318065980864
rolling365_quantile,wind_offshore,daylight,6734,0.056958809295269905,0.04163739310281212,560.6322322783515,406.5244433139287,0.20422726419335782,0.15533773544036403,1982.0215433332369,1507.767059831601
rolling365_quantile,wind_offshore,dark,4545,0.05293583284791799,0.03931730669632329,509.6162620959251,379.1829713494056,0.22922387837601968,0.17601429032559632,2210.28606223037,1697.7722916862087
rolling365_quantile,wind_offshore,season_winter,2112,0.06161265612985157,0.04790983270804972,603.9030092218067,468.4049525015013,0.22874670706334274,0.17235693558167617,2228.5936692439395,1680.2307674540582
rolling365_quantile,wind_offshore,season_spring,3958,0.05209022298495696,0.03740129861578398,512.6827350987535,367.48504006092935,0.2174317937886422,0.16334840644659945,2129.02106890831,1601.3641773347742
rolling365_quantile,wind_offshore,season_summer,3192,0.05130330811281624,0.03687133661994661,517.7210332622444,365.7810236775586,0.18536080488133014,0.14433931158419,1829.027383489788,1418.6735358228702
rolling365_quantile,wind_offshore,season_autumn,2017,0.06067183461114502,0.04569665394029877,559.2255172706303,421.2058156846543,0.23603642490553295,0.1857944158375664,2175.891163186944,1712.6552927710507
