# me = mean(nwp - original); positive means the reconstruction over-predicts.
pair,breakdown,group,mae,rmse,me,n
residual_load_forecast,overall,all,1993.355774742777,2828.479242995521,-508.933860024271,12262
residual_load_forecast,daytime,day,2582.7250997570427,3542.8056656689414,-1039.768527906704,6132
residual_load_forecast,daytime,night,1403.7941595735315,1856.78021987147,22.07400024572568,6130
residual_load_forecast,month,01,1917.4008518435287,2481.0195270548784,-152.56960423906384,744
residual_load_forecast,month,02,2013.6052223906238,2538.566596043068,-8.325189365908868,672
residual_load_forecast,month,03,1823.739286419987,2550.601997413332,-398.748564473018,1126
residual_load_forecast,month,04,1917.8509682082172,2685.11484617247,-701.184181194143,1392
residual_load_forecast,month,05,2110.171019049778,2955.854063176853,-1029.098277661799,1440
residual_load_forecast,month,06,2718.4528529156682,4019.005321718239,-1325.2248435968945,1344
residual_load_forecast,month,07,2201.753272029451,3186.5556622337326,-1038.3992282828622,1440
residual_load_forecast,month,08,1980.4597641290418,2772.672532849955,-632.3906447722053,1296
residual_load_forecast,month,09,1680.6393127827223,2313.6892947333977,-310.4300699293332,792
residual_load_forecast,month,10,1657.7666004975074,2257.6380523775033,448.66399986955525,648
residual_load_forecast,month,11,1465.9072679489982,1947.7129404691807,272.5036875745341,672
residual_load_forecast,month,12,1608.9430139814517,2027.3802721990733,938.907075297124,696
wind_onshore_forecast,overall,all,1210.2693853922585,1717.0869996569977,-110.44556510361582,12262
wind_onshore_forecast,daytime,day,1216.6134093497212,1829.7058195782251,-5.007681342411933,6132
wind_onshore_forecast,daytime,night,1203.9232916064248,1596.502997495004,-215.9178494794237,6130
wind_onshore_forecast,month,01,1476.8927849533245,1875.6603222773856,-205.19734519357985,744
wind_onshore_forecast,month,02,1759.3272100295296,2283.7018406296347,-188.6263815778461,672
wind_onshore_forecast,month,03,1166.9202829714907,1687.4261637607815,169.85979082315717,1126
wind_onshore_forecast,month,04,1066.3563519322117,1522.1417188996663,157.34911663125922,1392
wind_onshore_forecast,month,05,1058.8890644840903,1403.7606653681923,-151.63127133684623,1440
wind_onshore_forecast,month,06,1353.03572552249,2218.6201200146975,-335.3994623869106,1344
wind_onshore_forecast,month,07,1159.4986079357232,1663.9298826406796,-133.94989488806152,1440
wind_onshore_forecast,month,08,1084.7381413682424,1543.4453177613532,-85.36415846321009,1296
wind_onshore_forecast,month,09,1223.5128004107235,1674.230792222678,123.61384827797013,792
wind_onshore_forecast,month,10,1269.4304679996742,1722.6357211829243,-263.7109136373336,648
wind_onshore_forecast,month,11,1070.8155094761148,1416.7359679409572,-1.208617416788749,672
wind_onshore_forecast,month,12,1193.8890917560166,1506.9596892983675,-630.3325568802758,696
wind_offshore_forecast,overall,all,398.1546330549557,538.4523226729348,23.429463607758212,12262
wind_offshore_forecast,daytime,day,418.1464393459452,569.8912706800011,42.76580011585531,6132
wind_offshore_forecast,daytime,night,378.1563041517995,505.04888719485945,4.086818343867283,6130
wind_offshore_forecast,month,01,495.38740740212063,632.8249613566311,-264.79654889342606,744
wind_offshore_forecast,month,02,486.54202889215384,655.7153405429515,-149.16413223993212,672
wind_offshore_forecast,month,03,351.12040814957015,460.3826350969958,123.84663771200772,1126
wind_offshore_forecast,month,04,341.8334722487132,496.36935471832504,149.43193780559233,1392
wind_offshore_forecast,month,05,415.304968998803,560.9390506027491,201.0771400405036,1440
wind_offshore_forecast,month,06,361.3820789137341,492.2649154324957,77.02530365989321,1344
wind_offshore_forecast,month,07,399.48142039553323,551.52530189042,107.86826001633538,1440
wind_offshore_forecast,month,08,349.75698757242276,495.4623381991878,105.43551366735389,1296
wind_offshore_forecast,month,09,463.9492613474527,592.2406716324268,-96.43898153671111,792
wind_offshore_forecast,month,10,454.30330913779176,591.964267588272,-113.22746509316525,648
wind_offshore_forecast,month,11,342.0496987642561,467.94145447651937,-120.08797059195383,672
wind_offshore_forecast,month,12,447.5361142108084,535.60599163663,-312.52756092992325,696
solar_forecast,overall,all,1089.352571216192,2020.1018752422349,595.9499615201286,12262
solar_forecast,daytime,day,1965.3020896505711,2769.88303161223,1002.0104091332606,6132
solar_forecast,daytime,night,213.11726174806594,698.7126771418726,189.75703088983076,6130
solar_forecast,month,01,691.8292461491131,1521.0185982218206,622.5634983260699,744
solar_forecast,month,02,553.2158964405107,1091.5812923940698,346.1157031836871,672
solar_forecast,month,03,902.776204753662,1651.7408406784798,105.04213593785319,1126
solar_forecast,month,04,1122.8096241888736,1893.0436969546897,394.4031267572912,1392
solar_forecast,month,05,1426.011890961186,2358.2944475312943,979.6524089581416,1440
solar_forecast,month,06,1932.775629247974,3081.0019235811055,1583.599002323912,1344
solar_forecast,month,07,1439.639506346197,2548.2112411624507,1064.4808631545884,1440
solar_forecast,month,08,1177.4615339976585,2048.3521054524876,612.3192895680615,1296
solar_forecast,month,09,705.3191985193257,1331.9575965443335,283.2552031880743,792
solar_forecast,month,10,719.6286757804993,1326.0250045584673,-71.72562113905641,648
solar_forecast,month,11,543.8390269224025,1160.5616987012663,-151.20709956579157,672
solar_forecast,month,12,360.79247725380776,805.9760806121113,3.953042513074774,696
