# UPPER BOUND: run with the full feature set, including DA_FORECAST series that are NOT available at gate closure (see sprint 6 abstract, section 9). Not a live-capability claim.
# SENSITIVITY ONLY (spec 6.4 section 2.3): N=28 is the preregistered headline; this sweep does not replace it, regardless of outcome.
# Each shape_window_days value has its own evaluable window/fold count (the window start depends on N), so rows are not a like-for-like fold-identical comparison -- see the log for the per-N window details.
shape_window_days,candidate,n_folds,n_obs,mae,rmse,wape
7,bridge_shape,316,30336,14.341480936632069,26.954358123810387,0.1400279232088512
7,bridge_flat,316,30336,15.559488657956782,28.673516461270044,0.15192035554711836
7,baseline,316,30336,27.97245253164557,45.47139295006939,0.2731185469876827
14,bridge_shape,309,29664,14.36207544315786,26.947248941855356,0.14057115598772807
14,bridge_flat,309,29664,15.524580584830458,28.55156162451601,0.15194936467722814
14,baseline,309,29664,28.145910194174757,45.6106287703106,0.27548268688470207
28,bridge_shape,295,28316,14.388623033795776,27.287393274745135,0.1391210290046998
28,bridge_flat,295,28316,15.581302399523027,28.827046745659423,0.15065283300310336
28,baseline,295,28316,28.03151010029665,45.55871209506458,0.27103166999018463
56,bridge_shape,267,25628,14.444521816737032,27.463713262322454,0.13915160873672597
56,bridge_flat,267,25628,15.6149240910373,28.97358113632026,0.15042670398766694
56,baseline,267,25628,28.13697362260028,45.9553723932547,0.27105813499696085
