run_ts_utc,run_ts_local,target_date,series,availability_class,window_kind,window_start_local,window_end_local,native_resolution_min,expected_count,present_count,coverage_ratio,latest_target_local,latest_target_offset_days,staleness_days,status,error
2026-08-19T13:59:08.876604+00:00,2026-08-19T15:59:08.876604+02:00,2026-08-20,day_ahead_price,DA_FIXED,critical,2026-08-19T00:00:00+02:00,2026-08-20T00:00:00+02:00,15.0,96.0,96.0,1.0,,,,ok,
2026-08-19T13:59:08.876604+00:00,2026-08-19T15:59:08.876604+02:00,2026-08-20,day_ahead_price,DA_FIXED,training,2026-05-22T00:00:00+02:00,2026-08-20T00:00:00+02:00,15.0,8640.0,8631.0,0.999,,,,partial,
2026-08-19T13:59:08.876604+00:00,2026-08-19T15:59:08.876604+02:00,2026-08-20,load_forecast_day_ahead,DA_FORECAST,critical,2026-08-20T00:00:00+02:00,2026-08-21T00:00:00+02:00,15.0,96.0,96.0,1.0,2026-08-20T23:45:00+02:00,0.0,,ok,
2026-08-19T13:59:08.876604+00:00,2026-08-19T15:59:08.876604+02:00,2026-08-20,load_forecast_day_ahead,DA_FORECAST,training,2026-05-22T00:00:00+02:00,2026-08-20T00:00:00+02:00,15.0,8640.0,8628.0,0.9986,,,,partial,
2026-08-19T13:59:08.876604+00:00,2026-08-19T15:59:08.876604+02:00,2026-08-20,load_actual,RT_ACTUAL,critical,2026-08-18T00:00:00+02:00,2026-08-19T00:00:00+02:00,15.0,96.0,96.0,1.0,,,,ok,
2026-08-19T13:59:08.876604+00:00,2026-08-19T15:59:08.876604+02:00,2026-08-20,load_actual,RT_ACTUAL,training,2026-05-22T00:00:00+02:00,2026-08-20T00:00:00+02:00,15.0,8640.0,8593.0,0.9946,,,,partial,
2026-08-19T13:59:08.876604+00:00,2026-08-19T15:59:08.876604+02:00,2026-08-20,wind_onshore_forecast,DA_FORECAST,critical,2026-08-20T00:00:00+02:00,2026-08-21T00:00:00+02:00,15.0,96.0,0.0,0.0,2026-08-19T23:45:00+02:00,-1.0,,missing,
2026-08-19T13:59:08.876604+00:00,2026-08-19T15:59:08.876604+02:00,2026-08-20,wind_onshore_forecast,DA_FORECAST,training,2026-05-22T00:00:00+02:00,2026-08-20T00:00:00+02:00,15.0,8640.0,8628.0,0.9986,,,,partial,
2026-08-19T13:59:08.876604+00:00,2026-08-19T15:59:08.876604+02:00,2026-08-20,wind_offshore_forecast,DA_FORECAST,critical,2026-08-20T00:00:00+02:00,2026-08-21T00:00:00+02:00,15.0,96.0,0.0,0.0,2026-08-19T23:45:00+02:00,-1.0,,missing,
2026-08-19T13:59:08.876604+00:00,2026-08-19T15:59:08.876604+02:00,2026-08-20,wind_offshore_forecast,DA_FORECAST,training,2026-05-22T00:00:00+02:00,2026-08-20T00:00:00+02:00,15.0,8640.0,8628.0,0.9986,,,,partial,
2026-08-19T13:59:08.876604+00:00,2026-08-19T15:59:08.876604+02:00,2026-08-20,solar_forecast,DA_FORECAST,critical,2026-08-20T00:00:00+02:00,2026-08-21T00:00:00+02:00,15.0,96.0,0.0,0.0,2026-08-19T23:45:00+02:00,-1.0,,missing,
2026-08-19T13:59:08.876604+00:00,2026-08-19T15:59:08.876604+02:00,2026-08-20,solar_forecast,DA_FORECAST,training,2026-05-22T00:00:00+02:00,2026-08-20T00:00:00+02:00,15.0,8640.0,8628.0,0.9986,,,,partial,
2026-08-19T13:59:08.876604+00:00,2026-08-19T15:59:08.876604+02:00,2026-08-20,gen_nuclear,RT_ACTUAL,critical,2026-08-18T00:00:00+02:00,2026-08-19T00:00:00+02:00,,,0.0,,,,,missing,
2026-08-19T13:59:08.876604+00:00,2026-08-19T15:59:08.876604+02:00,2026-08-20,gen_nuclear,RT_ACTUAL,training,2026-05-22T00:00:00+02:00,2026-08-20T00:00:00+02:00,,,0.0,,,,,missing,
2026-08-19T13:59:08.876604+00:00,2026-08-19T15:59:08.876604+02:00,2026-08-20,gen_lignite,RT_ACTUAL,critical,2026-08-18T00:00:00+02:00,2026-08-19T00:00:00+02:00,15.0,96.0,96.0,1.0,,,,ok,
2026-08-19T13:59:08.876604+00:00,2026-08-19T15:59:08.876604+02:00,2026-08-20,gen_lignite,RT_ACTUAL,training,2026-05-22T00:00:00+02:00,2026-08-20T00:00:00+02:00,15.0,8640.0,8594.0,0.9947,,,,partial,
2026-08-19T13:59:08.876604+00:00,2026-08-19T15:59:08.876604+02:00,2026-08-20,gen_hard_coal,RT_ACTUAL,critical,2026-08-18T00:00:00+02:00,2026-08-19T00:00:00+02:00,15.0,96.0,96.0,1.0,,,,ok,
2026-08-19T13:59:08.876604+00:00,2026-08-19T15:59:08.876604+02:00,2026-08-20,gen_hard_coal,RT_ACTUAL,training,2026-05-22T00:00:00+02:00,2026-08-20T00:00:00+02:00,15.0,8640.0,8594.0,0.9947,,,,partial,
2026-08-19T13:59:08.876604+00:00,2026-08-19T15:59:08.876604+02:00,2026-08-20,gen_gas,RT_ACTUAL,critical,2026-08-18T00:00:00+02:00,2026-08-19T00:00:00+02:00,15.0,96.0,96.0,1.0,,,,ok,
2026-08-19T13:59:08.876604+00:00,2026-08-19T15:59:08.876604+02:00,2026-08-20,gen_gas,RT_ACTUAL,training,2026-05-22T00:00:00+02:00,2026-08-20T00:00:00+02:00,15.0,8640.0,8594.0,0.9947,,,,partial,
2026-08-19T13:59:08.876604+00:00,2026-08-19T15:59:08.876604+02:00,2026-08-20,gen_oil,RT_ACTUAL,critical,2026-08-18T00:00:00+02:00,2026-08-19T00:00:00+02:00,15.0,96.0,96.0,1.0,,,,ok,
2026-08-19T13:59:08.876604+00:00,2026-08-19T15:59:08.876604+02:00,2026-08-20,gen_oil,RT_ACTUAL,training,2026-05-22T00:00:00+02:00,2026-08-20T00:00:00+02:00,15.0,8640.0,8594.0,0.9947,,,,partial,
2026-08-19T13:59:08.876604+00:00,2026-08-19T15:59:08.876604+02:00,2026-08-20,gen_biomass,RT_ACTUAL,critical,2026-08-18T00:00:00+02:00,2026-08-19T00:00:00+02:00,15.0,96.0,96.0,1.0,,,,ok,
2026-08-19T13:59:08.876604+00:00,2026-08-19T15:59:08.876604+02:00,2026-08-20,gen_biomass,RT_ACTUAL,training,2026-05-22T00:00:00+02:00,2026-08-20T00:00:00+02:00,15.0,8640.0,8594.0,0.9947,,,,partial,
2026-08-19T13:59:08.876604+00:00,2026-08-19T15:59:08.876604+02:00,2026-08-20,gen_hydro,RT_ACTUAL,critical,2026-08-18T00:00:00+02:00,2026-08-19T00:00:00+02:00,15.0,96.0,96.0,1.0,,,,ok,
2026-08-19T13:59:08.876604+00:00,2026-08-19T15:59:08.876604+02:00,2026-08-20,gen_hydro,RT_ACTUAL,training,2026-05-22T00:00:00+02:00,2026-08-20T00:00:00+02:00,15.0,8640.0,8594.0,0.9947,,,,partial,
2026-08-19T13:59:08.876604+00:00,2026-08-19T15:59:08.876604+02:00,2026-08-20,gen_wind_onshore,RT_ACTUAL,critical,2026-08-18T00:00:00+02:00,2026-08-19T00:00:00+02:00,15.0,96.0,96.0,1.0,,,,ok,
2026-08-19T13:59:08.876604+00:00,2026-08-19T15:59:08.876604+02:00,2026-08-20,gen_wind_onshore,RT_ACTUAL,training,2026-05-22T00:00:00+02:00,2026-08-20T00:00:00+02:00,15.0,8640.0,8594.0,0.9947,,,,partial,
2026-08-19T13:59:08.876604+00:00,2026-08-19T15:59:08.876604+02:00,2026-08-20,gen_wind_offshore,RT_ACTUAL,critical,2026-08-18T00:00:00+02:00,2026-08-19T00:00:00+02:00,15.0,96.0,96.0,1.0,,,,ok,
2026-08-19T13:59:08.876604+00:00,2026-08-19T15:59:08.876604+02:00,2026-08-20,gen_wind_offshore,RT_ACTUAL,training,2026-05-22T00:00:00+02:00,2026-08-20T00:00:00+02:00,15.0,8640.0,8594.0,0.9947,,,,partial,
2026-08-19T13:59:08.876604+00:00,2026-08-19T15:59:08.876604+02:00,2026-08-20,gen_solar,RT_ACTUAL,critical,2026-08-18T00:00:00+02:00,2026-08-19T00:00:00+02:00,15.0,96.0,96.0,1.0,,,,ok,
2026-08-19T13:59:08.876604+00:00,2026-08-19T15:59:08.876604+02:00,2026-08-20,gen_solar,RT_ACTUAL,training,2026-05-22T00:00:00+02:00,2026-08-20T00:00:00+02:00,15.0,8640.0,8594.0,0.9947,,,,partial,
2026-08-19T13:59:08.876604+00:00,2026-08-19T15:59:08.876604+02:00,2026-08-20,gen_other,RT_ACTUAL,critical,2026-08-18T00:00:00+02:00,2026-08-19T00:00:00+02:00,15.0,96.0,96.0,1.0,,,,ok,
2026-08-19T13:59:08.876604+00:00,2026-08-19T15:59:08.876604+02:00,2026-08-20,gen_other,RT_ACTUAL,training,2026-05-22T00:00:00+02:00,2026-08-20T00:00:00+02:00,15.0,8640.0,8594.0,0.9947,,,,partial,
2026-08-19T13:59:08.876604+00:00,2026-08-19T15:59:08.876604+02:00,2026-08-20,ttf_gas_eur_per_mwh,COMMODITY,critical,2026-08-10T00:00:00+02:00,2026-08-20T00:00:00+02:00,,,,,,,1.0,ok,
2026-08-19T13:59:08.876604+00:00,2026-08-19T15:59:08.876604+02:00,2026-08-20,eua_co2_eur_per_t,COMMODITY,critical,2026-08-10T00:00:00+02:00,2026-08-20T00:00:00+02:00,,,,,,,1.0,ok,
2026-08-19T13:59:08.876604+00:00,2026-08-19T15:59:08.876604+02:00,2026-08-20,scheduled_net_de_to_fr,DA_FIXED,critical,2026-08-19T00:00:00+02:00,2026-08-20T00:00:00+02:00,15.0,96.0,96.0,1.0,,,,ok,
2026-08-19T13:59:08.876604+00:00,2026-08-19T15:59:08.876604+02:00,2026-08-20,scheduled_net_de_to_fr,DA_FIXED,training,2026-05-22T00:00:00+02:00,2026-08-20T00:00:00+02:00,15.0,8640.0,8628.0,0.9986,,,,partial,
2026-08-19T13:59:08.876604+00:00,2026-08-19T15:59:08.876604+02:00,2026-08-20,scheduled_net_de_to_nl,DA_FIXED,critical,2026-08-19T00:00:00+02:00,2026-08-20T00:00:00+02:00,15.0,96.0,96.0,1.0,,,,ok,
2026-08-19T13:59:08.876604+00:00,2026-08-19T15:59:08.876604+02:00,2026-08-20,scheduled_net_de_to_nl,DA_FIXED,training,2026-05-22T00:00:00+02:00,2026-08-20T00:00:00+02:00,15.0,8640.0,8628.0,0.9986,,,,partial,
2026-08-19T13:59:08.876604+00:00,2026-08-19T15:59:08.876604+02:00,2026-08-20,scheduled_net_de_to_at,DA_FIXED,critical,2026-08-19T00:00:00+02:00,2026-08-20T00:00:00+02:00,15.0,96.0,96.0,1.0,,,,ok,
2026-08-19T13:59:08.876604+00:00,2026-08-19T15:59:08.876604+02:00,2026-08-20,scheduled_net_de_to_at,DA_FIXED,training,2026-05-22T00:00:00+02:00,2026-08-20T00:00:00+02:00,15.0,8640.0,8628.0,0.9986,,,,partial,
2026-08-19T13:59:08.876604+00:00,2026-08-19T15:59:08.876604+02:00,2026-08-20,scheduled_net_de_to_pl,DA_FIXED,critical,2026-08-19T00:00:00+02:00,2026-08-20T00:00:00+02:00,15.0,96.0,96.0,1.0,,,,ok,
2026-08-19T13:59:08.876604+00:00,2026-08-19T15:59:08.876604+02:00,2026-08-20,scheduled_net_de_to_pl,DA_FIXED,training,2026-05-22T00:00:00+02:00,2026-08-20T00:00:00+02:00,15.0,8640.0,8628.0,0.9986,,,,partial,
2026-08-19T13:59:08.876604+00:00,2026-08-19T15:59:08.876604+02:00,2026-08-20,scheduled_net_de_to_ch,DA_FIXED,critical,2026-08-19T00:00:00+02:00,2026-08-20T00:00:00+02:00,15.0,96.0,96.0,1.0,,,,ok,
2026-08-19T13:59:08.876604+00:00,2026-08-19T15:59:08.876604+02:00,2026-08-20,scheduled_net_de_to_ch,DA_FIXED,training,2026-05-22T00:00:00+02:00,2026-08-20T00:00:00+02:00,15.0,8640.0,8628.0,0.9986,,,,partial,
2026-08-19T13:59:08.876604+00:00,2026-08-19T15:59:08.876604+02:00,2026-08-20,scheduled_net_de_to_dk_1,DA_FIXED,critical,2026-08-19T00:00:00+02:00,2026-08-20T00:00:00+02:00,15.0,96.0,96.0,1.0,,,,ok,
2026-08-19T13:59:08.876604+00:00,2026-08-19T15:59:08.876604+02:00,2026-08-20,scheduled_net_de_to_dk_1,DA_FIXED,training,2026-05-22T00:00:00+02:00,2026-08-20T00:00:00+02:00,15.0,8640.0,8628.0,0.9986,,,,partial,
2026-08-19T13:59:08.876604+00:00,2026-08-19T15:59:08.876604+02:00,2026-08-20,physical_net_de_to_fr,RT_ACTUAL,critical,2026-08-18T00:00:00+02:00,2026-08-19T00:00:00+02:00,15.0,96.0,96.0,1.0,,,,ok,
2026-08-19T13:59:08.876604+00:00,2026-08-19T15:59:08.876604+02:00,2026-08-20,physical_net_de_to_fr,RT_ACTUAL,training,2026-05-22T00:00:00+02:00,2026-08-20T00:00:00+02:00,15.0,8640.0,8595.0,0.9948,,,,partial,
2026-08-19T13:59:08.876604+00:00,2026-08-19T15:59:08.876604+02:00,2026-08-20,physical_net_de_to_nl,RT_ACTUAL,critical,2026-08-18T00:00:00+02:00,2026-08-19T00:00:00+02:00,15.0,96.0,96.0,1.0,,,,ok,
2026-08-19T13:59:08.876604+00:00,2026-08-19T15:59:08.876604+02:00,2026-08-20,physical_net_de_to_nl,RT_ACTUAL,training,2026-05-22T00:00:00+02:00,2026-08-20T00:00:00+02:00,15.0,8640.0,8594.0,0.9947,,,,partial,
2026-08-19T13:59:08.876604+00:00,2026-08-19T15:59:08.876604+02:00,2026-08-20,physical_net_de_to_at,RT_ACTUAL,critical,2026-08-18T00:00:00+02:00,2026-08-19T00:00:00+02:00,15.0,96.0,96.0,1.0,,,,ok,
2026-08-19T13:59:08.876604+00:00,2026-08-19T15:59:08.876604+02:00,2026-08-20,physical_net_de_to_at,RT_ACTUAL,training,2026-05-22T00:00:00+02:00,2026-08-20T00:00:00+02:00,15.0,8640.0,8594.0,0.9947,,,,partial,
2026-08-19T13:59:08.876604+00:00,2026-08-19T15:59:08.876604+02:00,2026-08-20,physical_net_de_to_pl,RT_ACTUAL,critical,2026-08-18T00:00:00+02:00,2026-08-19T00:00:00+02:00,15.0,96.0,96.0,1.0,,,,ok,
2026-08-19T13:59:08.876604+00:00,2026-08-19T15:59:08.876604+02:00,2026-08-20,physical_net_de_to_pl,RT_ACTUAL,training,2026-05-22T00:00:00+02:00,2026-08-20T00:00:00+02:00,15.0,8640.0,8595.0,0.9948,,,,partial,
2026-08-19T13:59:08.876604+00:00,2026-08-19T15:59:08.876604+02:00,2026-08-20,physical_net_de_to_ch,RT_ACTUAL,critical,2026-08-18T00:00:00+02:00,2026-08-19T00:00:00+02:00,15.0,96.0,96.0,1.0,,,,ok,
2026-08-19T13:59:08.876604+00:00,2026-08-19T15:59:08.876604+02:00,2026-08-20,physical_net_de_to_ch,RT_ACTUAL,training,2026-05-22T00:00:00+02:00,2026-08-20T00:00:00+02:00,15.0,8640.0,8595.0,0.9948,,,,partial,
2026-08-19T13:59:08.876604+00:00,2026-08-19T15:59:08.876604+02:00,2026-08-20,physical_net_de_to_dk_1,RT_ACTUAL,critical,2026-08-18T00:00:00+02:00,2026-08-19T00:00:00+02:00,15.0,96.0,96.0,1.0,,,,ok,
2026-08-19T13:59:08.876604+00:00,2026-08-19T15:59:08.876604+02:00,2026-08-20,physical_net_de_to_dk_1,RT_ACTUAL,training,2026-05-22T00:00:00+02:00,2026-08-20T00:00:00+02:00,15.0,8640.0,8595.0,0.9948,,,,partial,
2026-08-20T08:48:36.026813+00:00,2026-08-20T10:48:36.026813+02:00,2026-08-21,day_ahead_price,DA_FIXED,critical,2026-08-20T00:00:00+02:00,2026-08-21T00:00:00+02:00,15.0,96.0,96.0,1.0,,,,ok,
2026-08-20T08:48:36.026813+00:00,2026-08-20T10:48:36.026813+02:00,2026-08-21,day_ahead_price,DA_FIXED,training,2026-05-23T00:00:00+02:00,2026-08-21T00:00:00+02:00,15.0,8640.0,8631.0,0.999,,,,partial,
2026-08-20T08:48:36.026813+00:00,2026-08-20T10:48:36.026813+02:00,2026-08-21,load_forecast_day_ahead,DA_FORECAST,critical,2026-08-21T00:00:00+02:00,2026-08-22T00:00:00+02:00,15.0,96.0,96.0,1.0,2026-08-21T23:45:00+02:00,0.0,,ok,
2026-08-20T08:48:36.026813+00:00,2026-08-20T10:48:36.026813+02:00,2026-08-21,load_forecast_day_ahead,DA_FORECAST,training,2026-05-23T00:00:00+02:00,2026-08-21T00:00:00+02:00,15.0,8640.0,8628.0,0.9986,,,,partial,
2026-08-20T08:48:36.026813+00:00,2026-08-20T10:48:36.026813+02:00,2026-08-21,load_actual,RT_ACTUAL,critical,2026-08-19T00:00:00+02:00,2026-08-20T00:00:00+02:00,15.0,96.0,96.0,1.0,,,,ok,
2026-08-20T08:48:36.026813+00:00,2026-08-20T10:48:36.026813+02:00,2026-08-21,load_actual,RT_ACTUAL,training,2026-05-23T00:00:00+02:00,2026-08-21T00:00:00+02:00,15.0,8640.0,8572.0,0.9921,,,,partial,
2026-08-20T08:48:36.026813+00:00,2026-08-20T10:48:36.026813+02:00,2026-08-21,wind_onshore_forecast,DA_FORECAST,critical,2026-08-21T00:00:00+02:00,2026-08-22T00:00:00+02:00,15.0,96.0,0.0,0.0,2026-08-20T23:45:00+02:00,-1.0,,missing,
2026-08-20T08:48:36.026813+00:00,2026-08-20T10:48:36.026813+02:00,2026-08-21,wind_onshore_forecast,DA_FORECAST,training,2026-05-23T00:00:00+02:00,2026-08-21T00:00:00+02:00,15.0,8640.0,8628.0,0.9986,,,,partial,
2026-08-20T08:48:36.026813+00:00,2026-08-20T10:48:36.026813+02:00,2026-08-21,wind_offshore_forecast,DA_FORECAST,critical,2026-08-21T00:00:00+02:00,2026-08-22T00:00:00+02:00,15.0,96.0,0.0,0.0,2026-08-20T23:45:00+02:00,-1.0,,missing,
2026-08-20T08:48:36.026813+00:00,2026-08-20T10:48:36.026813+02:00,2026-08-21,wind_offshore_forecast,DA_FORECAST,training,2026-05-23T00:00:00+02:00,2026-08-21T00:00:00+02:00,15.0,8640.0,8628.0,0.9986,,,,partial,
2026-08-20T08:48:36.026813+00:00,2026-08-20T10:48:36.026813+02:00,2026-08-21,solar_forecast,DA_FORECAST,critical,2026-08-21T00:00:00+02:00,2026-08-22T00:00:00+02:00,15.0,96.0,0.0,0.0,2026-08-20T23:45:00+02:00,-1.0,,missing,
2026-08-20T08:48:36.026813+00:00,2026-08-20T10:48:36.026813+02:00,2026-08-21,solar_forecast,DA_FORECAST,training,2026-05-23T00:00:00+02:00,2026-08-21T00:00:00+02:00,15.0,8640.0,8628.0,0.9986,,,,partial,
2026-08-20T08:48:36.026813+00:00,2026-08-20T10:48:36.026813+02:00,2026-08-21,gen_nuclear,RT_ACTUAL,critical,2026-08-19T00:00:00+02:00,2026-08-20T00:00:00+02:00,,,0.0,,,,,missing,
2026-08-20T08:48:36.026813+00:00,2026-08-20T10:48:36.026813+02:00,2026-08-21,gen_nuclear,RT_ACTUAL,training,2026-05-23T00:00:00+02:00,2026-08-21T00:00:00+02:00,,,0.0,,,,,missing,
2026-08-20T08:48:36.026813+00:00,2026-08-20T10:48:36.026813+02:00,2026-08-21,gen_lignite,RT_ACTUAL,critical,2026-08-19T00:00:00+02:00,2026-08-20T00:00:00+02:00,15.0,96.0,96.0,1.0,,,,ok,
2026-08-20T08:48:36.026813+00:00,2026-08-20T10:48:36.026813+02:00,2026-08-21,gen_lignite,RT_ACTUAL,training,2026-05-23T00:00:00+02:00,2026-08-21T00:00:00+02:00,15.0,8640.0,8573.0,0.9922,,,,partial,
2026-08-20T08:48:36.026813+00:00,2026-08-20T10:48:36.026813+02:00,2026-08-21,gen_hard_coal,RT_ACTUAL,critical,2026-08-19T00:00:00+02:00,2026-08-20T00:00:00+02:00,15.0,96.0,96.0,1.0,,,,ok,
2026-08-20T08:48:36.026813+00:00,2026-08-20T10:48:36.026813+02:00,2026-08-21,gen_hard_coal,RT_ACTUAL,training,2026-05-23T00:00:00+02:00,2026-08-21T00:00:00+02:00,15.0,8640.0,8573.0,0.9922,,,,partial,
2026-08-20T08:48:36.026813+00:00,2026-08-20T10:48:36.026813+02:00,2026-08-21,gen_gas,RT_ACTUAL,critical,2026-08-19T00:00:00+02:00,2026-08-20T00:00:00+02:00,15.0,96.0,96.0,1.0,,,,ok,
2026-08-20T08:48:36.026813+00:00,2026-08-20T10:48:36.026813+02:00,2026-08-21,gen_gas,RT_ACTUAL,training,2026-05-23T00:00:00+02:00,2026-08-21T00:00:00+02:00,15.0,8640.0,8573.0,0.9922,,,,partial,
2026-08-20T08:48:36.026813+00:00,2026-08-20T10:48:36.026813+02:00,2026-08-21,gen_oil,RT_ACTUAL,critical,2026-08-19T00:00:00+02:00,2026-08-20T00:00:00+02:00,15.0,96.0,96.0,1.0,,,,ok,
2026-08-20T08:48:36.026813+00:00,2026-08-20T10:48:36.026813+02:00,2026-08-21,gen_oil,RT_ACTUAL,training,2026-05-23T00:00:00+02:00,2026-08-21T00:00:00+02:00,15.0,8640.0,8573.0,0.9922,,,,partial,
2026-08-20T08:48:36.026813+00:00,2026-08-20T10:48:36.026813+02:00,2026-08-21,gen_biomass,RT_ACTUAL,critical,2026-08-19T00:00:00+02:00,2026-08-20T00:00:00+02:00,15.0,96.0,96.0,1.0,,,,ok,
2026-08-20T08:48:36.026813+00:00,2026-08-20T10:48:36.026813+02:00,2026-08-21,gen_biomass,RT_ACTUAL,training,2026-05-23T00:00:00+02:00,2026-08-21T00:00:00+02:00,15.0,8640.0,8573.0,0.9922,,,,partial,
2026-08-20T08:48:36.026813+00:00,2026-08-20T10:48:36.026813+02:00,2026-08-21,gen_hydro,RT_ACTUAL,critical,2026-08-19T00:00:00+02:00,2026-08-20T00:00:00+02:00,15.0,96.0,96.0,1.0,,,,ok,
2026-08-20T08:48:36.026813+00:00,2026-08-20T10:48:36.026813+02:00,2026-08-21,gen_hydro,RT_ACTUAL,training,2026-05-23T00:00:00+02:00,2026-08-21T00:00:00+02:00,15.0,8640.0,8573.0,0.9922,,,,partial,
2026-08-20T08:48:36.026813+00:00,2026-08-20T10:48:36.026813+02:00,2026-08-21,gen_wind_onshore,RT_ACTUAL,critical,2026-08-19T00:00:00+02:00,2026-08-20T00:00:00+02:00,15.0,96.0,96.0,1.0,,,,ok,
2026-08-20T08:48:36.026813+00:00,2026-08-20T10:48:36.026813+02:00,2026-08-21,gen_wind_onshore,RT_ACTUAL,training,2026-05-23T00:00:00+02:00,2026-08-21T00:00:00+02:00,15.0,8640.0,8573.0,0.9922,,,,partial,
2026-08-20T08:48:36.026813+00:00,2026-08-20T10:48:36.026813+02:00,2026-08-21,gen_wind_offshore,RT_ACTUAL,critical,2026-08-19T00:00:00+02:00,2026-08-20T00:00:00+02:00,15.0,96.0,96.0,1.0,,,,ok,
2026-08-20T08:48:36.026813+00:00,2026-08-20T10:48:36.026813+02:00,2026-08-21,gen_wind_offshore,RT_ACTUAL,training,2026-05-23T00:00:00+02:00,2026-08-21T00:00:00+02:00,15.0,8640.0,8573.0,0.9922,,,,partial,
2026-08-20T08:48:36.026813+00:00,2026-08-20T10:48:36.026813+02:00,2026-08-21,gen_solar,RT_ACTUAL,critical,2026-08-19T00:00:00+02:00,2026-08-20T00:00:00+02:00,15.0,96.0,96.0,1.0,,,,ok,
2026-08-20T08:48:36.026813+00:00,2026-08-20T10:48:36.026813+02:00,2026-08-21,gen_solar,RT_ACTUAL,training,2026-05-23T00:00:00+02:00,2026-08-21T00:00:00+02:00,15.0,8640.0,8573.0,0.9922,,,,partial,
2026-08-20T08:48:36.026813+00:00,2026-08-20T10:48:36.026813+02:00,2026-08-21,gen_other,RT_ACTUAL,critical,2026-08-19T00:00:00+02:00,2026-08-20T00:00:00+02:00,15.0,96.0,96.0,1.0,,,,ok,
2026-08-20T08:48:36.026813+00:00,2026-08-20T10:48:36.026813+02:00,2026-08-21,gen_other,RT_ACTUAL,training,2026-05-23T00:00:00+02:00,2026-08-21T00:00:00+02:00,15.0,8640.0,8573.0,0.9922,,,,partial,
2026-08-20T08:48:36.026813+00:00,2026-08-20T10:48:36.026813+02:00,2026-08-21,ttf_gas_eur_per_mwh,COMMODITY,critical,2026-08-11T00:00:00+02:00,2026-08-21T00:00:00+02:00,,,,,,,2.0,ok,
2026-08-20T08:48:36.026813+00:00,2026-08-20T10:48:36.026813+02:00,2026-08-21,eua_co2_eur_per_t,COMMODITY,critical,2026-08-11T00:00:00+02:00,2026-08-21T00:00:00+02:00,,,,,,,3.0,ok,
2026-08-20T08:48:36.026813+00:00,2026-08-20T10:48:36.026813+02:00,2026-08-21,scheduled_net_de_to_fr,DA_FIXED,critical,2026-08-20T00:00:00+02:00,2026-08-21T00:00:00+02:00,15.0,96.0,96.0,1.0,,,,ok,
2026-08-20T08:48:36.026813+00:00,2026-08-20T10:48:36.026813+02:00,2026-08-21,scheduled_net_de_to_fr,DA_FIXED,training,2026-05-23T00:00:00+02:00,2026-08-21T00:00:00+02:00,15.0,8640.0,8628.0,0.9986,,,,partial,
2026-08-20T08:48:36.026813+00:00,2026-08-20T10:48:36.026813+02:00,2026-08-21,scheduled_net_de_to_nl,DA_FIXED,critical,2026-08-20T00:00:00+02:00,2026-08-21T00:00:00+02:00,15.0,96.0,96.0,1.0,,,,ok,
2026-08-20T08:48:36.026813+00:00,2026-08-20T10:48:36.026813+02:00,2026-08-21,scheduled_net_de_to_nl,DA_FIXED,training,2026-05-23T00:00:00+02:00,2026-08-21T00:00:00+02:00,15.0,8640.0,8628.0,0.9986,,,,partial,
2026-08-20T08:48:36.026813+00:00,2026-08-20T10:48:36.026813+02:00,2026-08-21,scheduled_net_de_to_at,DA_FIXED,critical,2026-08-20T00:00:00+02:00,2026-08-21T00:00:00+02:00,15.0,96.0,96.0,1.0,,,,ok,
2026-08-20T08:48:36.026813+00:00,2026-08-20T10:48:36.026813+02:00,2026-08-21,scheduled_net_de_to_at,DA_FIXED,training,2026-05-23T00:00:00+02:00,2026-08-21T00:00:00+02:00,15.0,8640.0,8628.0,0.9986,,,,partial,
2026-08-20T08:48:36.026813+00:00,2026-08-20T10:48:36.026813+02:00,2026-08-21,scheduled_net_de_to_pl,DA_FIXED,critical,2026-08-20T00:00:00+02:00,2026-08-21T00:00:00+02:00,15.0,96.0,96.0,1.0,,,,ok,
2026-08-20T08:48:36.026813+00:00,2026-08-20T10:48:36.026813+02:00,2026-08-21,scheduled_net_de_to_pl,DA_FIXED,training,2026-05-23T00:00:00+02:00,2026-08-21T00:00:00+02:00,15.0,8640.0,8628.0,0.9986,,,,partial,
2026-08-20T08:48:36.026813+00:00,2026-08-20T10:48:36.026813+02:00,2026-08-21,scheduled_net_de_to_ch,DA_FIXED,critical,2026-08-20T00:00:00+02:00,2026-08-21T00:00:00+02:00,15.0,96.0,96.0,1.0,,,,ok,
2026-08-20T08:48:36.026813+00:00,2026-08-20T10:48:36.026813+02:00,2026-08-21,scheduled_net_de_to_ch,DA_FIXED,training,2026-05-23T00:00:00+02:00,2026-08-21T00:00:00+02:00,15.0,8640.0,8628.0,0.9986,,,,partial,
2026-08-20T08:48:36.026813+00:00,2026-08-20T10:48:36.026813+02:00,2026-08-21,scheduled_net_de_to_dk_1,DA_FIXED,critical,2026-08-20T00:00:00+02:00,2026-08-21T00:00:00+02:00,15.0,96.0,96.0,1.0,,,,ok,
2026-08-20T08:48:36.026813+00:00,2026-08-20T10:48:36.026813+02:00,2026-08-21,scheduled_net_de_to_dk_1,DA_FIXED,training,2026-05-23T00:00:00+02:00,2026-08-21T00:00:00+02:00,15.0,8640.0,8628.0,0.9986,,,,partial,
2026-08-20T08:48:36.026813+00:00,2026-08-20T10:48:36.026813+02:00,2026-08-21,physical_net_de_to_fr,RT_ACTUAL,critical,2026-08-19T00:00:00+02:00,2026-08-20T00:00:00+02:00,15.0,96.0,96.0,1.0,,,,ok,
2026-08-20T08:48:36.026813+00:00,2026-08-20T10:48:36.026813+02:00,2026-08-21,physical_net_de_to_fr,RT_ACTUAL,training,2026-05-23T00:00:00+02:00,2026-08-21T00:00:00+02:00,15.0,8640.0,8574.0,0.9924,,,,partial,
2026-08-20T08:48:36.026813+00:00,2026-08-20T10:48:36.026813+02:00,2026-08-21,physical_net_de_to_nl,RT_ACTUAL,critical,2026-08-19T00:00:00+02:00,2026-08-20T00:00:00+02:00,15.0,96.0,96.0,1.0,,,,ok,
2026-08-20T08:48:36.026813+00:00,2026-08-20T10:48:36.026813+02:00,2026-08-21,physical_net_de_to_nl,RT_ACTUAL,training,2026-05-23T00:00:00+02:00,2026-08-21T00:00:00+02:00,15.0,8640.0,8574.0,0.9924,,,,partial,
2026-08-20T08:48:36.026813+00:00,2026-08-20T10:48:36.026813+02:00,2026-08-21,physical_net_de_to_at,RT_ACTUAL,critical,2026-08-19T00:00:00+02:00,2026-08-20T00:00:00+02:00,15.0,96.0,96.0,1.0,,,,ok,
2026-08-20T08:48:36.026813+00:00,2026-08-20T10:48:36.026813+02:00,2026-08-21,physical_net_de_to_at,RT_ACTUAL,training,2026-05-23T00:00:00+02:00,2026-08-21T00:00:00+02:00,15.0,8640.0,8574.0,0.9924,,,,partial,
2026-08-20T08:48:36.026813+00:00,2026-08-20T10:48:36.026813+02:00,2026-08-21,physical_net_de_to_pl,RT_ACTUAL,critical,2026-08-19T00:00:00+02:00,2026-08-20T00:00:00+02:00,15.0,96.0,96.0,1.0,,,,ok,
2026-08-20T08:48:36.026813+00:00,2026-08-20T10:48:36.026813+02:00,2026-08-21,physical_net_de_to_pl,RT_ACTUAL,training,2026-05-23T00:00:00+02:00,2026-08-21T00:00:00+02:00,15.0,8640.0,8574.0,0.9924,,,,partial,
2026-08-20T08:48:36.026813+00:00,2026-08-20T10:48:36.026813+02:00,2026-08-21,physical_net_de_to_ch,RT_ACTUAL,critical,2026-08-19T00:00:00+02:00,2026-08-20T00:00:00+02:00,15.0,96.0,96.0,1.0,,,,ok,
2026-08-20T08:48:36.026813+00:00,2026-08-20T10:48:36.026813+02:00,2026-08-21,physical_net_de_to_ch,RT_ACTUAL,training,2026-05-23T00:00:00+02:00,2026-08-21T00:00:00+02:00,15.0,8640.0,8574.0,0.9924,,,,partial,
2026-08-20T08:48:36.026813+00:00,2026-08-20T10:48:36.026813+02:00,2026-08-21,physical_net_de_to_dk_1,RT_ACTUAL,critical,2026-08-19T00:00:00+02:00,2026-08-20T00:00:00+02:00,15.0,96.0,96.0,1.0,,,,ok,
2026-08-20T08:48:36.026813+00:00,2026-08-20T10:48:36.026813+02:00,2026-08-21,physical_net_de_to_dk_1,RT_ACTUAL,training,2026-05-23T00:00:00+02:00,2026-08-21T00:00:00+02:00,15.0,8640.0,8574.0,0.9924,,,,partial,
2026-08-20T09:26:31.206201+00:00,2026-08-20T11:26:31.206201+02:00,2026-08-21,day_ahead_price,DA_FIXED,critical,2026-08-20T00:00:00+02:00,2026-08-21T00:00:00+02:00,15.0,96.0,96.0,1.0,,,,ok,
2026-08-20T09:26:31.206201+00:00,2026-08-20T11:26:31.206201+02:00,2026-08-21,load_forecast_day_ahead,DA_FORECAST,critical,2026-08-21T00:00:00+02:00,2026-08-22T00:00:00+02:00,15.0,96.0,96.0,1.0,2026-08-21T23:45:00+02:00,0.0,,ok,
2026-08-20T09:26:31.206201+00:00,2026-08-20T11:26:31.206201+02:00,2026-08-21,load_actual,RT_ACTUAL,critical,2026-08-19T00:00:00+02:00,2026-08-20T00:00:00+02:00,15.0,96.0,96.0,1.0,,,,ok,
2026-08-20T09:26:31.206201+00:00,2026-08-20T11:26:31.206201+02:00,2026-08-21,wind_onshore_forecast,DA_FORECAST,critical,2026-08-21T00:00:00+02:00,2026-08-22T00:00:00+02:00,15.0,96.0,0.0,0.0,2026-08-20T23:45:00+02:00,-1.0,,missing,
2026-08-20T09:26:31.206201+00:00,2026-08-20T11:26:31.206201+02:00,2026-08-21,wind_offshore_forecast,DA_FORECAST,critical,2026-08-21T00:00:00+02:00,2026-08-22T00:00:00+02:00,15.0,96.0,0.0,0.0,2026-08-20T23:45:00+02:00,-1.0,,missing,
2026-08-20T09:26:31.206201+00:00,2026-08-20T11:26:31.206201+02:00,2026-08-21,solar_forecast,DA_FORECAST,critical,2026-08-21T00:00:00+02:00,2026-08-22T00:00:00+02:00,15.0,96.0,0.0,0.0,2026-08-20T23:45:00+02:00,-1.0,,missing,
2026-08-20T09:26:31.206201+00:00,2026-08-20T11:26:31.206201+02:00,2026-08-21,gen_nuclear,RT_ACTUAL,critical,2026-08-19T00:00:00+02:00,2026-08-20T00:00:00+02:00,,,0.0,,,,,missing,
2026-08-20T09:26:31.206201+00:00,2026-08-20T11:26:31.206201+02:00,2026-08-21,gen_lignite,RT_ACTUAL,critical,2026-08-19T00:00:00+02:00,2026-08-20T00:00:00+02:00,15.0,96.0,96.0,1.0,,,,ok,
2026-08-20T09:26:31.206201+00:00,2026-08-20T11:26:31.206201+02:00,2026-08-21,gen_hard_coal,RT_ACTUAL,critical,2026-08-19T00:00:00+02:00,2026-08-20T00:00:00+02:00,15.0,96.0,96.0,1.0,,,,ok,
2026-08-20T09:26:31.206201+00:00,2026-08-20T11:26:31.206201+02:00,2026-08-21,gen_gas,RT_ACTUAL,critical,2026-08-19T00:00:00+02:00,2026-08-20T00:00:00+02:00,15.0,96.0,96.0,1.0,,,,ok,
2026-08-20T09:26:31.206201+00:00,2026-08-20T11:26:31.206201+02:00,2026-08-21,gen_oil,RT_ACTUAL,critical,2026-08-19T00:00:00+02:00,2026-08-20T00:00:00+02:00,15.0,96.0,96.0,1.0,,,,ok,
2026-08-20T09:26:31.206201+00:00,2026-08-20T11:26:31.206201+02:00,2026-08-21,gen_biomass,RT_ACTUAL,critical,2026-08-19T00:00:00+02:00,2026-08-20T00:00:00+02:00,15.0,96.0,96.0,1.0,,,,ok,
2026-08-20T09:26:31.206201+00:00,2026-08-20T11:26:31.206201+02:00,2026-08-21,gen_hydro,RT_ACTUAL,critical,2026-08-19T00:00:00+02:00,2026-08-20T00:00:00+02:00,15.0,96.0,96.0,1.0,,,,ok,
2026-08-20T09:26:31.206201+00:00,2026-08-20T11:26:31.206201+02:00,2026-08-21,gen_wind_onshore,RT_ACTUAL,critical,2026-08-19T00:00:00+02:00,2026-08-20T00:00:00+02:00,15.0,96.0,96.0,1.0,,,,ok,
2026-08-20T09:26:31.206201+00:00,2026-08-20T11:26:31.206201+02:00,2026-08-21,gen_wind_offshore,RT_ACTUAL,critical,2026-08-19T00:00:00+02:00,2026-08-20T00:00:00+02:00,15.0,96.0,96.0,1.0,,,,ok,
2026-08-20T09:26:31.206201+00:00,2026-08-20T11:26:31.206201+02:00,2026-08-21,gen_solar,RT_ACTUAL,critical,2026-08-19T00:00:00+02:00,2026-08-20T00:00:00+02:00,15.0,96.0,96.0,1.0,,,,ok,
2026-08-20T09:26:31.206201+00:00,2026-08-20T11:26:31.206201+02:00,2026-08-21,gen_other,RT_ACTUAL,critical,2026-08-19T00:00:00+02:00,2026-08-20T00:00:00+02:00,15.0,96.0,96.0,1.0,,,,ok,
2026-08-20T09:26:31.206201+00:00,2026-08-20T11:26:31.206201+02:00,2026-08-21,ttf_gas_eur_per_mwh,COMMODITY,critical,2026-08-11T00:00:00+02:00,2026-08-21T00:00:00+02:00,,,,,,,2.0,ok,
2026-08-20T09:26:31.206201+00:00,2026-08-20T11:26:31.206201+02:00,2026-08-21,eua_co2_eur_per_t,COMMODITY,critical,2026-08-11T00:00:00+02:00,2026-08-21T00:00:00+02:00,,,,,,,3.0,ok,
2026-08-20T09:26:31.206201+00:00,2026-08-20T11:26:31.206201+02:00,2026-08-21,scheduled_net_de_to_fr,DA_FIXED,critical,2026-08-20T00:00:00+02:00,2026-08-21T00:00:00+02:00,15.0,96.0,96.0,1.0,,,,ok,
2026-08-20T09:26:31.206201+00:00,2026-08-20T11:26:31.206201+02:00,2026-08-21,scheduled_net_de_to_nl,DA_FIXED,critical,2026-08-20T00:00:00+02:00,2026-08-21T00:00:00+02:00,15.0,96.0,96.0,1.0,,,,ok,
2026-08-20T09:26:31.206201+00:00,2026-08-20T11:26:31.206201+02:00,2026-08-21,scheduled_net_de_to_at,DA_FIXED,critical,2026-08-20T00:00:00+02:00,2026-08-21T00:00:00+02:00,15.0,96.0,96.0,1.0,,,,ok,
2026-08-20T09:26:31.206201+00:00,2026-08-20T11:26:31.206201+02:00,2026-08-21,scheduled_net_de_to_pl,DA_FIXED,critical,2026-08-20T00:00:00+02:00,2026-08-21T00:00:00+02:00,15.0,96.0,96.0,1.0,,,,ok,
2026-08-20T09:26:31.206201+00:00,2026-08-20T11:26:31.206201+02:00,2026-08-21,scheduled_net_de_to_ch,DA_FIXED,critical,2026-08-20T00:00:00+02:00,2026-08-21T00:00:00+02:00,15.0,96.0,96.0,1.0,,,,ok,
2026-08-20T09:26:31.206201+00:00,2026-08-20T11:26:31.206201+02:00,2026-08-21,scheduled_net_de_to_dk_1,DA_FIXED,critical,2026-08-20T00:00:00+02:00,2026-08-21T00:00:00+02:00,15.0,96.0,96.0,1.0,,,,ok,
2026-08-20T09:26:31.206201+00:00,2026-08-20T11:26:31.206201+02:00,2026-08-21,physical_net_de_to_fr,RT_ACTUAL,critical,2026-08-19T00:00:00+02:00,2026-08-20T00:00:00+02:00,15.0,96.0,96.0,1.0,,,,ok,
2026-08-20T09:26:31.206201+00:00,2026-08-20T11:26:31.206201+02:00,2026-08-21,physical_net_de_to_nl,RT_ACTUAL,critical,2026-08-19T00:00:00+02:00,2026-08-20T00:00:00+02:00,15.0,96.0,96.0,1.0,,,,ok,
2026-08-20T09:26:31.206201+00:00,2026-08-20T11:26:31.206201+02:00,2026-08-21,physical_net_de_to_at,RT_ACTUAL,critical,2026-08-19T00:00:00+02:00,2026-08-20T00:00:00+02:00,15.0,96.0,96.0,1.0,,,,ok,
2026-08-20T09:26:31.206201+00:00,2026-08-20T11:26:31.206201+02:00,2026-08-21,physical_net_de_to_pl,RT_ACTUAL,critical,2026-08-19T00:00:00+02:00,2026-08-20T00:00:00+02:00,15.0,96.0,96.0,1.0,,,,ok,
2026-08-20T09:26:31.206201+00:00,2026-08-20T11:26:31.206201+02:00,2026-08-21,physical_net_de_to_ch,RT_ACTUAL,critical,2026-08-19T00:00:00+02:00,2026-08-20T00:00:00+02:00,15.0,96.0,96.0,1.0,,,,ok,
2026-08-20T09:26:31.206201+00:00,2026-08-20T11:26:31.206201+02:00,2026-08-21,physical_net_de_to_dk_1,RT_ACTUAL,critical,2026-08-19T00:00:00+02:00,2026-08-20T00:00:00+02:00,15.0,96.0,96.0,1.0,,,,ok,
2026-08-20T10:05:17.846439+00:00,2026-08-20T12:05:17.846439+02:00,2026-08-21,day_ahead_price,DA_FIXED,critical,2026-08-20T00:00:00+02:00,2026-08-21T00:00:00+02:00,15.0,96.0,96.0,1.0,,,,ok,
2026-08-20T10:05:17.846439+00:00,2026-08-20T12:05:17.846439+02:00,2026-08-21,load_forecast_day_ahead,DA_FORECAST,critical,2026-08-21T00:00:00+02:00,2026-08-22T00:00:00+02:00,15.0,96.0,96.0,1.0,2026-08-21T23:45:00+02:00,0.0,,ok,
2026-08-20T10:05:17.846439+00:00,2026-08-20T12:05:17.846439+02:00,2026-08-21,load_actual,RT_ACTUAL,critical,2026-08-19T00:00:00+02:00,2026-08-20T00:00:00+02:00,15.0,96.0,96.0,1.0,,,,ok,
2026-08-20T10:05:17.846439+00:00,2026-08-20T12:05:17.846439+02:00,2026-08-21,wind_onshore_forecast,DA_FORECAST,critical,2026-08-21T00:00:00+02:00,2026-08-22T00:00:00+02:00,15.0,96.0,0.0,0.0,2026-08-20T23:45:00+02:00,-1.0,,missing,
2026-08-20T10:05:17.846439+00:00,2026-08-20T12:05:17.846439+02:00,2026-08-21,wind_offshore_forecast,DA_FORECAST,critical,2026-08-21T00:00:00+02:00,2026-08-22T00:00:00+02:00,15.0,96.0,0.0,0.0,2026-08-20T23:45:00+02:00,-1.0,,missing,
2026-08-20T10:05:17.846439+00:00,2026-08-20T12:05:17.846439+02:00,2026-08-21,solar_forecast,DA_FORECAST,critical,2026-08-21T00:00:00+02:00,2026-08-22T00:00:00+02:00,15.0,96.0,0.0,0.0,2026-08-20T23:45:00+02:00,-1.0,,missing,
2026-08-20T10:05:17.846439+00:00,2026-08-20T12:05:17.846439+02:00,2026-08-21,gen_nuclear,RT_ACTUAL,critical,2026-08-19T00:00:00+02:00,2026-08-20T00:00:00+02:00,,,0.0,,,,,missing,
2026-08-20T10:05:17.846439+00:00,2026-08-20T12:05:17.846439+02:00,2026-08-21,gen_lignite,RT_ACTUAL,critical,2026-08-19T00:00:00+02:00,2026-08-20T00:00:00+02:00,15.0,96.0,96.0,1.0,,,,ok,
2026-08-20T10:05:17.846439+00:00,2026-08-20T12:05:17.846439+02:00,2026-08-21,gen_hard_coal,RT_ACTUAL,critical,2026-08-19T00:00:00+02:00,2026-08-20T00:00:00+02:00,15.0,96.0,96.0,1.0,,,,ok,
2026-08-20T10:05:17.846439+00:00,2026-08-20T12:05:17.846439+02:00,2026-08-21,gen_gas,RT_ACTUAL,critical,2026-08-19T00:00:00+02:00,2026-08-20T00:00:00+02:00,15.0,96.0,96.0,1.0,,,,ok,
2026-08-20T10:05:17.846439+00:00,2026-08-20T12:05:17.846439+02:00,2026-08-21,gen_oil,RT_ACTUAL,critical,2026-08-19T00:00:00+02:00,2026-08-20T00:00:00+02:00,15.0,96.0,96.0,1.0,,,,ok,
2026-08-20T10:05:17.846439+00:00,2026-08-20T12:05:17.846439+02:00,2026-08-21,gen_biomass,RT_ACTUAL,critical,2026-08-19T00:00:00+02:00,2026-08-20T00:00:00+02:00,15.0,96.0,96.0,1.0,,,,ok,
2026-08-20T10:05:17.846439+00:00,2026-08-20T12:05:17.846439+02:00,2026-08-21,gen_hydro,RT_ACTUAL,critical,2026-08-19T00:00:00+02:00,2026-08-20T00:00:00+02:00,15.0,96.0,96.0,1.0,,,,ok,
2026-08-20T10:05:17.846439+00:00,2026-08-20T12:05:17.846439+02:00,2026-08-21,gen_wind_onshore,RT_ACTUAL,critical,2026-08-19T00:00:00+02:00,2026-08-20T00:00:00+02:00,15.0,96.0,96.0,1.0,,,,ok,
2026-08-20T10:05:17.846439+00:00,2026-08-20T12:05:17.846439+02:00,2026-08-21,gen_wind_offshore,RT_ACTUAL,critical,2026-08-19T00:00:00+02:00,2026-08-20T00:00:00+02:00,15.0,96.0,96.0,1.0,,,,ok,
2026-08-20T10:05:17.846439+00:00,2026-08-20T12:05:17.846439+02:00,2026-08-21,gen_solar,RT_ACTUAL,critical,2026-08-19T00:00:00+02:00,2026-08-20T00:00:00+02:00,15.0,96.0,96.0,1.0,,,,ok,
2026-08-20T10:05:17.846439+00:00,2026-08-20T12:05:17.846439+02:00,2026-08-21,gen_other,RT_ACTUAL,critical,2026-08-19T00:00:00+02:00,2026-08-20T00:00:00+02:00,15.0,96.0,96.0,1.0,,,,ok,
2026-08-20T10:05:17.846439+00:00,2026-08-20T12:05:17.846439+02:00,2026-08-21,ttf_gas_eur_per_mwh,COMMODITY,critical,2026-08-11T00:00:00+02:00,2026-08-21T00:00:00+02:00,,,,,,,1.0,ok,
2026-08-20T10:05:17.846439+00:00,2026-08-20T12:05:17.846439+02:00,2026-08-21,eua_co2_eur_per_t,COMMODITY,critical,2026-08-11T00:00:00+02:00,2026-08-21T00:00:00+02:00,,,,,,,3.0,ok,
2026-08-20T10:05:17.846439+00:00,2026-08-20T12:05:17.846439+02:00,2026-08-21,scheduled_net_de_to_fr,DA_FIXED,critical,2026-08-20T00:00:00+02:00,2026-08-21T00:00:00+02:00,15.0,96.0,96.0,1.0,,,,ok,
2026-08-20T10:05:17.846439+00:00,2026-08-20T12:05:17.846439+02:00,2026-08-21,scheduled_net_de_to_nl,DA_FIXED,critical,2026-08-20T00:00:00+02:00,2026-08-21T00:00:00+02:00,15.0,96.0,96.0,1.0,,,,ok,
2026-08-20T10:05:17.846439+00:00,2026-08-20T12:05:17.846439+02:00,2026-08-21,scheduled_net_de_to_at,DA_FIXED,critical,2026-08-20T00:00:00+02:00,2026-08-21T00:00:00+02:00,15.0,96.0,96.0,1.0,,,,ok,
2026-08-20T10:05:17.846439+00:00,2026-08-20T12:05:17.846439+02:00,2026-08-21,scheduled_net_de_to_pl,DA_FIXED,critical,2026-08-20T00:00:00+02:00,2026-08-21T00:00:00+02:00,15.0,96.0,96.0,1.0,,,,ok,
2026-08-20T10:05:17.846439+00:00,2026-08-20T12:05:17.846439+02:00,2026-08-21,scheduled_net_de_to_ch,DA_FIXED,critical,2026-08-20T00:00:00+02:00,2026-08-21T00:00:00+02:00,15.0,96.0,96.0,1.0,,,,ok,
2026-08-20T10:05:17.846439+00:00,2026-08-20T12:05:17.846439+02:00,2026-08-21,scheduled_net_de_to_dk_1,DA_FIXED,critical,2026-08-20T00:00:00+02:00,2026-08-21T00:00:00+02:00,15.0,96.0,96.0,1.0,,,,ok,
2026-08-20T10:05:17.846439+00:00,2026-08-20T12:05:17.846439+02:00,2026-08-21,physical_net_de_to_fr,RT_ACTUAL,critical,2026-08-19T00:00:00+02:00,2026-08-20T00:00:00+02:00,15.0,96.0,96.0,1.0,,,,ok,
2026-08-20T10:05:17.846439+00:00,2026-08-20T12:05:17.846439+02:00,2026-08-21,physical_net_de_to_nl,RT_ACTUAL,critical,2026-08-19T00:00:00+02:00,2026-08-20T00:00:00+02:00,15.0,96.0,96.0,1.0,,,,ok,
2026-08-20T10:05:17.846439+00:00,2026-08-20T12:05:17.846439+02:00,2026-08-21,physical_net_de_to_at,RT_ACTUAL,critical,2026-08-19T00:00:00+02:00,2026-08-20T00:00:00+02:00,15.0,96.0,96.0,1.0,,,,ok,
2026-08-20T10:05:17.846439+00:00,2026-08-20T12:05:17.846439+02:00,2026-08-21,physical_net_de_to_pl,RT_ACTUAL,critical,2026-08-19T00:00:00+02:00,2026-08-20T00:00:00+02:00,15.0,96.0,96.0,1.0,,,,ok,
2026-08-20T10:05:17.846439+00:00,2026-08-20T12:05:17.846439+02:00,2026-08-21,physical_net_de_to_ch,RT_ACTUAL,critical,2026-08-19T00:00:00+02:00,2026-08-20T00:00:00+02:00,15.0,96.0,96.0,1.0,,,,ok,
2026-08-20T10:05:17.846439+00:00,2026-08-20T12:05:17.846439+02:00,2026-08-21,physical_net_de_to_dk_1,RT_ACTUAL,critical,2026-08-19T00:00:00+02:00,2026-08-20T00:00:00+02:00,15.0,96.0,96.0,1.0,,,,ok,
2026-08-20T10:34:26.548019+00:00,2026-08-20T12:34:26.548019+02:00,2026-08-21,day_ahead_price,DA_FIXED,critical,2026-08-20T00:00:00+02:00,2026-08-21T00:00:00+02:00,15.0,96.0,96.0,1.0,,,,ok,
2026-08-20T10:34:26.548019+00:00,2026-08-20T12:34:26.548019+02:00,2026-08-21,load_forecast_day_ahead,DA_FORECAST,critical,2026-08-21T00:00:00+02:00,2026-08-22T00:00:00+02:00,15.0,96.0,96.0,1.0,2026-08-21T23:45:00+02:00,0.0,,ok,
2026-08-20T10:34:26.548019+00:00,2026-08-20T12:34:26.548019+02:00,2026-08-21,load_actual,RT_ACTUAL,critical,2026-08-19T00:00:00+02:00,2026-08-20T00:00:00+02:00,15.0,96.0,96.0,1.0,,,,ok,
2026-08-20T10:34:26.548019+00:00,2026-08-20T12:34:26.548019+02:00,2026-08-21,wind_onshore_forecast,DA_FORECAST,critical,2026-08-21T00:00:00+02:00,2026-08-22T00:00:00+02:00,15.0,96.0,0.0,0.0,2026-08-20T23:45:00+02:00,-1.0,,missing,
2026-08-20T10:34:26.548019+00:00,2026-08-20T12:34:26.548019+02:00,2026-08-21,wind_offshore_forecast,DA_FORECAST,critical,2026-08-21T00:00:00+02:00,2026-08-22T00:00:00+02:00,15.0,96.0,0.0,0.0,2026-08-20T23:45:00+02:00,-1.0,,missing,
2026-08-20T10:34:26.548019+00:00,2026-08-20T12:34:26.548019+02:00,2026-08-21,solar_forecast,DA_FORECAST,critical,2026-08-21T00:00:00+02:00,2026-08-22T00:00:00+02:00,15.0,96.0,0.0,0.0,2026-08-20T23:45:00+02:00,-1.0,,missing,
2026-08-20T10:34:26.548019+00:00,2026-08-20T12:34:26.548019+02:00,2026-08-21,gen_nuclear,RT_ACTUAL,critical,2026-08-19T00:00:00+02:00,2026-08-20T00:00:00+02:00,,,0.0,,,,,missing,
2026-08-20T10:34:26.548019+00:00,2026-08-20T12:34:26.548019+02:00,2026-08-21,gen_lignite,RT_ACTUAL,critical,2026-08-19T00:00:00+02:00,2026-08-20T00:00:00+02:00,15.0,96.0,96.0,1.0,,,,ok,
2026-08-20T10:34:26.548019+00:00,2026-08-20T12:34:26.548019+02:00,2026-08-21,gen_hard_coal,RT_ACTUAL,critical,2026-08-19T00:00:00+02:00,2026-08-20T00:00:00+02:00,15.0,96.0,96.0,1.0,,,,ok,
2026-08-20T10:34:26.548019+00:00,2026-08-20T12:34:26.548019+02:00,2026-08-21,gen_gas,RT_ACTUAL,critical,2026-08-19T00:00:00+02:00,2026-08-20T00:00:00+02:00,15.0,96.0,96.0,1.0,,,,ok,
2026-08-20T10:34:26.548019+00:00,2026-08-20T12:34:26.548019+02:00,2026-08-21,gen_oil,RT_ACTUAL,critical,2026-08-19T00:00:00+02:00,2026-08-20T00:00:00+02:00,15.0,96.0,96.0,1.0,,,,ok,
2026-08-20T10:34:26.548019+00:00,2026-08-20T12:34:26.548019+02:00,2026-08-21,gen_biomass,RT_ACTUAL,critical,2026-08-19T00:00:00+02:00,2026-08-20T00:00:00+02:00,15.0,96.0,96.0,1.0,,,,ok,
2026-08-20T10:34:26.548019+00:00,2026-08-20T12:34:26.548019+02:00,2026-08-21,gen_hydro,RT_ACTUAL,critical,2026-08-19T00:00:00+02:00,2026-08-20T00:00:00+02:00,15.0,96.0,96.0,1.0,,,,ok,
2026-08-20T10:34:26.548019+00:00,2026-08-20T12:34:26.548019+02:00,2026-08-21,gen_wind_onshore,RT_ACTUAL,critical,2026-08-19T00:00:00+02:00,2026-08-20T00:00:00+02:00,15.0,96.0,96.0,1.0,,,,ok,
2026-08-20T10:34:26.548019+00:00,2026-08-20T12:34:26.548019+02:00,2026-08-21,gen_wind_offshore,RT_ACTUAL,critical,2026-08-19T00:00:00+02:00,2026-08-20T00:00:00+02:00,15.0,96.0,96.0,1.0,,,,ok,
2026-08-20T10:34:26.548019+00:00,2026-08-20T12:34:26.548019+02:00,2026-08-21,gen_solar,RT_ACTUAL,critical,2026-08-19T00:00:00+02:00,2026-08-20T00:00:00+02:00,15.0,96.0,96.0,1.0,,,,ok,
2026-08-20T10:34:26.548019+00:00,2026-08-20T12:34:26.548019+02:00,2026-08-21,gen_other,RT_ACTUAL,critical,2026-08-19T00:00:00+02:00,2026-08-20T00:00:00+02:00,15.0,96.0,96.0,1.0,,,,ok,
2026-08-20T10:34:26.548019+00:00,2026-08-20T12:34:26.548019+02:00,2026-08-21,ttf_gas_eur_per_mwh,COMMODITY,critical,2026-08-11T00:00:00+02:00,2026-08-21T00:00:00+02:00,,,,,,,1.0,ok,
2026-08-20T10:34:26.548019+00:00,2026-08-20T12:34:26.548019+02:00,2026-08-21,eua_co2_eur_per_t,COMMODITY,critical,2026-08-11T00:00:00+02:00,2026-08-21T00:00:00+02:00,,,,,,,3.0,ok,
2026-08-20T10:34:26.548019+00:00,2026-08-20T12:34:26.548019+02:00,2026-08-21,scheduled_net_de_to_fr,DA_FIXED,critical,2026-08-20T00:00:00+02:00,2026-08-21T00:00:00+02:00,15.0,96.0,96.0,1.0,,,,ok,
2026-08-20T10:34:26.548019+00:00,2026-08-20T12:34:26.548019+02:00,2026-08-21,scheduled_net_de_to_nl,DA_FIXED,critical,2026-08-20T00:00:00+02:00,2026-08-21T00:00:00+02:00,15.0,96.0,96.0,1.0,,,,ok,
2026-08-20T10:34:26.548019+00:00,2026-08-20T12:34:26.548019+02:00,2026-08-21,scheduled_net_de_to_at,DA_FIXED,critical,2026-08-20T00:00:00+02:00,2026-08-21T00:00:00+02:00,15.0,96.0,96.0,1.0,,,,ok,
2026-08-20T10:34:26.548019+00:00,2026-08-20T12:34:26.548019+02:00,2026-08-21,scheduled_net_de_to_pl,DA_FIXED,critical,2026-08-20T00:00:00+02:00,2026-08-21T00:00:00+02:00,15.0,96.0,96.0,1.0,,,,ok,
2026-08-20T10:34:26.548019+00:00,2026-08-20T12:34:26.548019+02:00,2026-08-21,scheduled_net_de_to_ch,DA_FIXED,critical,2026-08-20T00:00:00+02:00,2026-08-21T00:00:00+02:00,15.0,96.0,96.0,1.0,,,,ok,
2026-08-20T10:34:26.548019+00:00,2026-08-20T12:34:26.548019+02:00,2026-08-21,scheduled_net_de_to_dk_1,DA_FIXED,critical,2026-08-20T00:00:00+02:00,2026-08-21T00:00:00+02:00,15.0,96.0,96.0,1.0,,,,ok,
2026-08-20T10:34:26.548019+00:00,2026-08-20T12:34:26.548019+02:00,2026-08-21,physical_net_de_to_fr,RT_ACTUAL,critical,2026-08-19T00:00:00+02:00,2026-08-20T00:00:00+02:00,15.0,96.0,96.0,1.0,,,,ok,
2026-08-20T10:34:26.548019+00:00,2026-08-20T12:34:26.548019+02:00,2026-08-21,physical_net_de_to_nl,RT_ACTUAL,critical,2026-08-19T00:00:00+02:00,2026-08-20T00:00:00+02:00,15.0,96.0,96.0,1.0,,,,ok,
2026-08-20T10:34:26.548019+00:00,2026-08-20T12:34:26.548019+02:00,2026-08-21,physical_net_de_to_at,RT_ACTUAL,critical,2026-08-19T00:00:00+02:00,2026-08-20T00:00:00+02:00,15.0,96.0,96.0,1.0,,,,ok,
2026-08-20T10:34:26.548019+00:00,2026-08-20T12:34:26.548019+02:00,2026-08-21,physical_net_de_to_pl,RT_ACTUAL,critical,2026-08-19T00:00:00+02:00,2026-08-20T00:00:00+02:00,15.0,96.0,96.0,1.0,,,,ok,
2026-08-20T10:34:26.548019+00:00,2026-08-20T12:34:26.548019+02:00,2026-08-21,physical_net_de_to_ch,RT_ACTUAL,critical,2026-08-19T00:00:00+02:00,2026-08-20T00:00:00+02:00,15.0,96.0,96.0,1.0,,,,ok,
2026-08-20T10:34:26.548019+00:00,2026-08-20T12:34:26.548019+02:00,2026-08-21,physical_net_de_to_dk_1,RT_ACTUAL,critical,2026-08-19T00:00:00+02:00,2026-08-20T00:00:00+02:00,15.0,96.0,96.0,1.0,,,,ok,
