run_ts_utc,challenge_id,name,resolution,timezone,deadline,target_start,target_end,expected_values,allow_multiple,selection_policy,precision_decimals,allow_negative,max_forecast_points,spec_sha256
2026-08-19T13:59:08.876604+00:00,2,Day-Ahead Prices | Germany-Luxembourg | Point Forecast,15,Europe/Berlin,2026-08-19T12:00:00+02:00,2026-08-20T00:00:00+02:00,2026-08-21T00:00:00+02:00,96,True,latest_before_deadline,2,True,,2760b5ca1cf2447d5d6b4719a0c297ba47a9ee6ef3713dfed3eca4beaf1c4bb8
2026-08-19T14:33:05.390358+00:00,2,Day-Ahead Prices | Germany-Luxembourg | Point Forecast,15,Europe/Berlin,2026-08-19T12:00:00+02:00,2026-08-20T00:00:00+02:00,2026-08-21T00:00:00+02:00,96,True,latest_before_deadline,2,True,,2760b5ca1cf2447d5d6b4719a0c297ba47a9ee6ef3713dfed3eca4beaf1c4bb8
2026-08-20T08:55:27.151144+00:00,2,Day-Ahead Prices | Germany-Luxembourg | Point Forecast,15,Europe/Berlin,2026-08-20T12:00:00+02:00,2026-08-21T00:00:00+02:00,2026-08-22T00:00:00+02:00,96,True,latest_before_deadline,2,True,,2760b5ca1cf2447d5d6b4719a0c297ba47a9ee6ef3713dfed3eca4beaf1c4bb8
2026-08-20T09:27:50.932731+00:00,2,Day-Ahead Prices | Germany-Luxembourg | Point Forecast,15,Europe/Berlin,2026-08-20T12:00:00+02:00,2026-08-21T00:00:00+02:00,2026-08-22T00:00:00+02:00,96,True,latest_before_deadline,2,True,,2760b5ca1cf2447d5d6b4719a0c297ba47a9ee6ef3713dfed3eca4beaf1c4bb8
2026-08-20T10:08:09.733379+00:00,2,Day-Ahead Prices | Germany-Luxembourg | Point Forecast,15,Europe/Berlin,2026-08-20T12:00:00+02:00,2026-08-21T00:00:00+02:00,2026-08-22T00:00:00+02:00,96,True,latest_before_deadline,2,True,,2760b5ca1cf2447d5d6b4719a0c297ba47a9ee6ef3713dfed3eca4beaf1c4bb8
2026-08-20T10:35:59.674580+00:00,2,Day-Ahead Prices | Germany-Luxembourg | Point Forecast,15,Europe/Berlin,2026-08-20T12:00:00+02:00,2026-08-21T00:00:00+02:00,2026-08-22T00:00:00+02:00,96,True,latest_before_deadline,2,True,,2760b5ca1cf2447d5d6b4719a0c297ba47a9ee6ef3713dfed3eca4beaf1c4bb8
2026-08-20T11:05:56.452727+00:00,2,Day-Ahead Prices | Germany-Luxembourg | Point Forecast,15,Europe/Berlin,2026-08-20T12:00:00+02:00,2026-08-21T00:00:00+02:00,2026-08-22T00:00:00+02:00,96,True,latest_before_deadline,2,True,,2760b5ca1cf2447d5d6b4719a0c297ba47a9ee6ef3713dfed3eca4beaf1c4bb8
2026-08-21T09:40:07.698523+00:00,2,Day-Ahead Prices | Germany-Luxembourg | Point Forecast,15,Europe/Berlin,2026-08-21T12:00:00+02:00,2026-08-22T00:00:00+02:00,2026-08-23T00:00:00+02:00,96,True,latest_before_deadline,2,True,,0a06852c514d4125d2d5e07ae1102712832c6010cf0918598822339bd9faf94f
2026-08-21T10:08:32.088215+00:00,2,Day-Ahead Prices | Germany-Luxembourg | Point Forecast,15,Europe/Berlin,2026-08-21T12:00:00+02:00,2026-08-22T00:00:00+02:00,2026-08-23T00:00:00+02:00,96,True,latest_before_deadline,2,True,,0a06852c514d4125d2d5e07ae1102712832c6010cf0918598822339bd9faf94f
2026-08-21T10:36:36.253747+00:00,2,Day-Ahead Prices | Germany-Luxembourg | Point Forecast,15,Europe/Berlin,2026-08-21T12:00:00+02:00,2026-08-22T00:00:00+02:00,2026-08-23T00:00:00+02:00,96,True,latest_before_deadline,2,True,,0a06852c514d4125d2d5e07ae1102712832c6010cf0918598822339bd9faf94f
2026-08-21T11:05:41.594981+00:00,2,Day-Ahead Prices | Germany-Luxembourg | Point Forecast,15,Europe/Berlin,2026-08-21T12:00:00+02:00,2026-08-22T00:00:00+02:00,2026-08-23T00:00:00+02:00,96,True,latest_before_deadline,2,True,,0a06852c514d4125d2d5e07ae1102712832c6010cf0918598822339bd9faf94f
2026-08-22T09:28:10.119978+00:00,2,Day-Ahead Prices | Germany-Luxembourg | Point Forecast,15,Europe/Berlin,2026-08-22T12:00:00+02:00,2026-08-23T00:00:00+02:00,2026-08-24T00:00:00+02:00,96,True,latest_before_deadline,2,True,,99d46ce219e46edc332334108c8a0fb38e3f43e56f572c57ff68d935d69634dc
2026-08-22T09:58:57.713574+00:00,2,Day-Ahead Prices | Germany-Luxembourg | Point Forecast,15,Europe/Berlin,2026-08-22T12:00:00+02:00,2026-08-23T00:00:00+02:00,2026-08-24T00:00:00+02:00,96,True,latest_before_deadline,2,True,,99d46ce219e46edc332334108c8a0fb38e3f43e56f572c57ff68d935d69634dc
2026-08-22T10:28:49.881892+00:00,2,Day-Ahead Prices | Germany-Luxembourg | Point Forecast,15,Europe/Berlin,2026-08-22T12:00:00+02:00,2026-08-23T00:00:00+02:00,2026-08-24T00:00:00+02:00,96,True,latest_before_deadline,2,True,,99d46ce219e46edc332334108c8a0fb38e3f43e56f572c57ff68d935d69634dc
2026-08-22T10:59:59.864399+00:00,2,Day-Ahead Prices | Germany-Luxembourg | Point Forecast,15,Europe/Berlin,2026-08-22T12:00:00+02:00,2026-08-23T00:00:00+02:00,2026-08-24T00:00:00+02:00,96,True,latest_before_deadline,2,True,,99d46ce219e46edc332334108c8a0fb38e3f43e56f572c57ff68d935d69634dc
2026-08-23T09:26:55.525521+00:00,2,Day-Ahead Prices | Germany-Luxembourg | Point Forecast,15,Europe/Berlin,2026-08-23T12:00:00+02:00,2026-08-24T00:00:00+02:00,2026-08-25T00:00:00+02:00,96,True,latest_before_deadline,2,True,,94d92655d4c43595f5471fdc3dc400eaa146090d3dca9d828ab7328154669945
2026-08-23T09:59:00.277089+00:00,2,Day-Ahead Prices | Germany-Luxembourg | Point Forecast,15,Europe/Berlin,2026-08-23T12:00:00+02:00,2026-08-24T00:00:00+02:00,2026-08-25T00:00:00+02:00,96,True,latest_before_deadline,2,True,,94d92655d4c43595f5471fdc3dc400eaa146090d3dca9d828ab7328154669945
2026-08-23T10:28:53.293928+00:00,2,Day-Ahead Prices | Germany-Luxembourg | Point Forecast,15,Europe/Berlin,2026-08-23T12:00:00+02:00,2026-08-24T00:00:00+02:00,2026-08-25T00:00:00+02:00,96,True,latest_before_deadline,2,True,,94d92655d4c43595f5471fdc3dc400eaa146090d3dca9d828ab7328154669945
2026-08-23T11:00:14.985937+00:00,2,Day-Ahead Prices | Germany-Luxembourg | Point Forecast,15,Europe/Berlin,2026-08-23T12:00:00+02:00,2026-08-24T00:00:00+02:00,2026-08-25T00:00:00+02:00,96,True,latest_before_deadline,2,True,,94d92655d4c43595f5471fdc3dc400eaa146090d3dca9d828ab7328154669945
2026-08-24T09:48:06.680553+00:00,2,Day-Ahead Prices | Germany-Luxembourg | Point Forecast,15,Europe/Berlin,2026-08-24T12:00:00+02:00,2026-08-25T00:00:00+02:00,2026-08-26T00:00:00+02:00,96,True,latest_before_deadline,2,True,,57cf2121caf06d34f9ed85f93c9eb2ebf1a22f3246ad00c5101f048c142e26fd
2026-08-24T10:24:21.167159+00:00,2,Day-Ahead Prices | Germany-Luxembourg | Point Forecast,15,Europe/Berlin,2026-08-24T12:00:00+02:00,2026-08-25T00:00:00+02:00,2026-08-26T00:00:00+02:00,96,True,latest_before_deadline,2,True,,57cf2121caf06d34f9ed85f93c9eb2ebf1a22f3246ad00c5101f048c142e26fd
2026-08-24T10:42:16.009927+00:00,2,Day-Ahead Prices | Germany-Luxembourg | Point Forecast,15,Europe/Berlin,2026-08-24T12:00:00+02:00,2026-08-25T00:00:00+02:00,2026-08-26T00:00:00+02:00,96,True,latest_before_deadline,2,True,,57cf2121caf06d34f9ed85f93c9eb2ebf1a22f3246ad00c5101f048c142e26fd
2026-08-24T11:09:54.760082+00:00,2,Day-Ahead Prices | Germany-Luxembourg | Point Forecast,15,Europe/Berlin,2026-08-24T12:00:00+02:00,2026-08-25T00:00:00+02:00,2026-08-26T00:00:00+02:00,96,True,latest_before_deadline,2,True,,57cf2121caf06d34f9ed85f93c9eb2ebf1a22f3246ad00c5101f048c142e26fd
2026-08-25T15:47:09.213337+00:00,2,Day-Ahead Prices | Germany-Luxembourg | Point Forecast,15,Europe/Berlin,2026-08-25T12:00:00+02:00,2026-08-26T00:00:00+02:00,2026-08-27T00:00:00+02:00,96,True,latest_before_deadline,2,True,,0bba1fdf8b5f9d4f6baf2d93117ec60fe0218039e1ae43cb5c40ff3699a1fe44
2026-08-26T10:01:50.523144+00:00,2,Day-Ahead Prices | Germany-Luxembourg | Point Forecast,15,Europe/Berlin,2026-08-26T12:00:00+02:00,2026-08-27T00:00:00+02:00,2026-08-28T00:00:00+02:00,96,True,latest_before_deadline,2,True,,0bba1fdf8b5f9d4f6baf2d93117ec60fe0218039e1ae43cb5c40ff3699a1fe44
2026-08-26T10:28:22.889022+00:00,2,Day-Ahead Prices | Germany-Luxembourg | Point Forecast,15,Europe/Berlin,2026-08-26T12:00:00+02:00,2026-08-27T00:00:00+02:00,2026-08-28T00:00:00+02:00,96,True,latest_before_deadline,2,True,,0bba1fdf8b5f9d4f6baf2d93117ec60fe0218039e1ae43cb5c40ff3699a1fe44
2026-08-26T10:45:01.068366+00:00,2,Day-Ahead Prices | Germany-Luxembourg | Point Forecast,15,Europe/Berlin,2026-08-26T12:00:00+02:00,2026-08-27T00:00:00+02:00,2026-08-28T00:00:00+02:00,96,True,latest_before_deadline,2,True,,0bba1fdf8b5f9d4f6baf2d93117ec60fe0218039e1ae43cb5c40ff3699a1fe44
2026-08-26T11:12:38.224050+00:00,2,Day-Ahead Prices | Germany-Luxembourg | Point Forecast,15,Europe/Berlin,2026-08-26T12:00:00+02:00,2026-08-27T00:00:00+02:00,2026-08-28T00:00:00+02:00,96,True,latest_before_deadline,2,True,,0bba1fdf8b5f9d4f6baf2d93117ec60fe0218039e1ae43cb5c40ff3699a1fe44
2026-08-27T17:33:51.565602+00:00,2,Day-Ahead Prices | Germany-Luxembourg | Point Forecast,15,Europe/Berlin,2026-08-27T12:00:00+02:00,2026-08-28T00:00:00+02:00,2026-08-29T00:00:00+02:00,96,True,latest_before_deadline,2,True,,9c7a1b4cc7c1fc22c35a8593f5e1d9a4d091ea31f9a654845481d46068919d6a
2026-08-27T19:29:15.614909+00:00,2,Day-Ahead Prices | Germany-Luxembourg | Point Forecast,15,Europe/Berlin,2026-08-27T12:00:00+02:00,2026-08-28T00:00:00+02:00,2026-08-29T00:00:00+02:00,96,True,latest_before_deadline,2,True,,9c7a1b4cc7c1fc22c35a8593f5e1d9a4d091ea31f9a654845481d46068919d6a
