# Source: Energy-Charts API (Fraunhofer ISE), https://api.energy-charts.info/installed_power?country=de&time_step=monthly&installation_decommission=false
# Fetched: 2026-09-01 (source last_update: 2026-08-31T14:49:27 UTC / unix 1788187767)
# Definition: installed power at the end of each calendar month, in GW per the source API (converted to MW here); 'solar' is the source's 'Solar DC' series (module/nameplate DC capacity, not inverter-limited AC)
# Provisional per spec 6.5.2 section 2.11: ENTSO-E 14.1.A is the eventual second source; a source switch means retraining (see docs/sprint6_step6_5_2_log.md)
anchor_date,production_type,capacity_mw
2015-01-31,solar,37946.0
2015-02-28,solar,38018.0
2015-03-31,solar,38114.0
2015-04-30,solar,38206.0
2015-05-31,solar,38300.0
2015-06-30,solar,38386.0
2015-07-31,solar,38570.0
2015-08-31,solar,38887.0
2015-09-30,solar,38956.0
2015-10-31,solar,39018.0
2015-11-30,solar,39088.0
2015-12-31,solar,39236.0
2016-01-31,solar,39298.0
2016-02-29,solar,39345.0
2016-03-31,solar,39416.0
2016-04-30,solar,39504.0
2016-05-31,solar,39602.0
2016-06-30,solar,39702.0
2016-07-31,solar,39780.0
2016-08-31,solar,39889.0
2016-09-30,solar,39999.0
2016-10-31,solar,40109.0
2016-11-30,solar,40260.0
2016-12-31,solar,40735.0
2017-01-31,solar,40781.0
2017-02-28,solar,40928.0
2017-03-31,solar,41042.0
2017-04-30,solar,41185.0
2017-05-31,solar,41377.0
2017-06-30,solar,41589.0
2017-07-31,solar,41726.0
2017-08-31,solar,41874.0
2017-09-30,solar,41981.0
2017-10-31,solar,42139.0
2017-11-30,solar,42250.0
2017-12-31,solar,42404.0
2018-01-31,solar,42669.0
2018-02-28,solar,42864.0
2018-03-31,solar,43028.0
2018-04-30,solar,43252.0
2018-05-31,solar,43500.0
2018-06-30,solar,43857.0
2018-07-31,solar,44166.0
2018-08-31,solar,44487.0
2018-09-30,solar,44678.0
2018-10-31,solar,44870.0
2018-11-30,solar,45075.0
2018-12-31,solar,45408.0
2019-01-31,solar,46241.0
2019-02-28,solar,46574.0
2019-03-31,solar,46896.0
2019-04-30,solar,47158.0
2019-05-31,solar,47422.0
2019-06-30,solar,47676.0
2019-07-31,solar,47953.0
2019-08-31,solar,48290.0
2019-09-30,solar,48578.0
2019-10-31,solar,48961.0
2019-11-30,solar,49168.0
2019-12-31,solar,49418.0
2020-01-31,solar,49933.0
2020-02-29,solar,50232.0
2020-03-31,solar,50593.0
2020-04-30,solar,50975.0
2020-05-31,solar,51449.0
2020-06-30,solar,51906.0
2020-07-31,solar,52326.0
2020-08-31,solar,52725.0
2020-09-30,solar,53109.0
2020-10-31,solar,53525.0
2020-11-30,solar,54035.0
2020-12-31,solar,54560.0
2021-01-31,solar,54954.0
2021-02-28,solar,55343.0
2021-03-31,solar,56021.0
2021-04-30,solar,56626.0
2021-05-31,solar,57024.0
2021-06-30,solar,57477.0
2021-07-31,solar,57997.0
2021-08-31,solar,58407.0
2021-09-30,solar,58878.0
2021-10-31,solar,59302.0
2021-11-30,solar,59666.0
2021-12-31,solar,60265.0
2022-01-31,solar,60772.0
2022-02-28,solar,61475.0
2022-03-31,solar,62330.0
2022-04-30,solar,62813.0
2022-05-31,solar,63468.0
2022-06-30,solar,64040.0
2022-07-31,solar,64540.0
2022-08-31,solar,65235.0
2022-09-30,solar,66090.0
2022-10-31,solar,66714.0
2022-11-30,solar,67375.0
2022-12-31,solar,67842.0
2023-01-31,solar,68865.0
2023-02-28,solar,69793.0
2023-03-31,solar,71056.0
2023-04-30,solar,72246.0
2023-05-31,solar,73602.0
2023-06-30,solar,74995.0
2023-07-31,solar,76504.0
2023-08-31,solar,77902.0
2023-09-30,solar,79137.0
2023-10-31,solar,80682.0
2023-11-30,solar,82134.0
2023-12-31,solar,83302.0
2024-01-31,solar,84933.0
2024-02-29,solar,86191.0
2024-03-31,solar,87618.0
2024-04-30,solar,88991.0
2024-05-31,solar,90226.0
2024-06-30,solar,91757.0
2024-07-31,solar,93439.0
2024-08-31,solar,94514.0
2024-09-30,solar,95813.0
2024-10-31,solar,97530.0
2024-11-30,solar,98768.0
2024-12-31,solar,100788.0
2025-01-31,solar,102375.0
2025-02-28,solar,104221.0
2025-03-31,solar,105113.0
2025-04-30,solar,106196.0
2025-05-31,solar,107476.0
2025-06-30,solar,108599.0
2025-07-31,solar,110197.0
2025-08-31,solar,112238.0
2025-09-30,solar,113275.0
2025-10-31,solar,114619.0
2025-11-30,solar,116569.0
2025-12-31,solar,118051.0
2026-01-31,solar,119363.0
2026-02-28,solar,120280.0
2026-03-31,solar,121860.0
2026-04-30,solar,123184.0
2026-05-31,solar,124545.0
2026-06-30,solar,125933.0
2026-07-31,solar,127746.0
2026-08-31,solar,128841.0
2015-01-31,wind_offshore,1153.0
2015-02-28,wind_offshore,1397.0
2015-03-31,wind_offshore,1698.0
2015-04-30,wind_offshore,2045.0
2015-05-31,wind_offshore,2399.0
2015-06-30,wind_offshore,2869.0
2015-07-31,wind_offshore,3191.0
2015-08-31,wind_offshore,3314.0
2015-09-30,wind_offshore,3352.0
2015-10-31,wind_offshore,3382.0
2015-11-30,wind_offshore,3382.0
2015-12-31,wind_offshore,3382.0
2016-01-31,wind_offshore,3382.0
2016-02-29,wind_offshore,3463.0
2016-03-31,wind_offshore,3488.0
2016-04-30,wind_offshore,3488.0
2016-05-31,wind_offshore,3607.0
2016-06-30,wind_offshore,3651.0
2016-07-31,wind_offshore,3933.0
2016-08-31,wind_offshore,3990.0
2016-09-30,wind_offshore,4053.0
2016-10-31,wind_offshore,4137.0
2016-11-30,wind_offshore,4191.0
2016-12-31,wind_offshore,4237.0
2017-01-31,wind_offshore,4336.0
2017-02-28,wind_offshore,4399.0
2017-03-31,wind_offshore,4519.0
2017-04-30,wind_offshore,4656.0
2017-05-31,wind_offshore,4831.0
2017-06-30,wind_offshore,4886.0
2017-07-31,wind_offshore,4954.0
2017-08-31,wind_offshore,5015.0
2017-09-30,wind_offshore,5046.0
2017-10-31,wind_offshore,5057.0
2017-11-30,wind_offshore,5360.0
2017-12-31,wind_offshore,5523.0
2018-01-31,wind_offshore,5523.0
2018-02-28,wind_offshore,5523.0
2018-03-31,wind_offshore,5523.0
2018-04-30,wind_offshore,5523.0
2018-05-31,wind_offshore,5523.0
2018-06-30,wind_offshore,5523.0
2018-07-31,wind_offshore,5548.0
2018-08-31,wind_offshore,5740.0
2018-09-30,wind_offshore,6132.0
2018-10-31,wind_offshore,6431.0
2018-11-30,wind_offshore,6476.0
2018-12-31,wind_offshore,6513.0
2019-01-31,wind_offshore,6519.0
2019-02-28,wind_offshore,6556.0
2019-03-31,wind_offshore,6630.0
2019-04-30,wind_offshore,6698.0
2019-05-31,wind_offshore,6772.0
2019-06-30,wind_offshore,6772.0
2019-07-31,wind_offshore,6889.0
2019-08-31,wind_offshore,7475.0
2019-09-30,wind_offshore,7549.0
2019-10-31,wind_offshore,7604.0
2019-11-30,wind_offshore,7636.0
2019-12-31,wind_offshore,7655.0
2020-01-31,wind_offshore,7785.0
2020-02-29,wind_offshore,7785.0
2020-03-31,wind_offshore,7792.0
2020-04-30,wind_offshore,7817.0
2020-05-31,wind_offshore,7842.0
2020-06-30,wind_offshore,7868.0
2020-07-31,wind_offshore,7874.0
2020-08-31,wind_offshore,7874.0
2020-09-30,wind_offshore,7874.0
2020-10-31,wind_offshore,7874.0
2020-11-30,wind_offshore,7874.0
2020-12-31,wind_offshore,7874.0
2021-01-31,wind_offshore,7874.0
2021-02-28,wind_offshore,7874.0
2021-03-31,wind_offshore,7874.0
2021-04-30,wind_offshore,7874.0
2021-05-31,wind_offshore,7874.0
2021-06-30,wind_offshore,7874.0
2021-07-31,wind_offshore,7874.0
2021-08-31,wind_offshore,7874.0
2021-09-30,wind_offshore,7874.0
2021-10-31,wind_offshore,7874.0
2021-11-30,wind_offshore,7874.0
2021-12-31,wind_offshore,7874.0
2022-01-31,wind_offshore,7874.0
2022-02-28,wind_offshore,7874.0
2022-03-31,wind_offshore,7874.0
2022-04-30,wind_offshore,7874.0
2022-05-31,wind_offshore,7874.0
2022-06-30,wind_offshore,7874.0
2022-07-31,wind_offshore,7883.0
2022-08-31,wind_offshore,8045.0
2022-09-30,wind_offshore,8054.0
2022-10-31,wind_offshore,8099.0
2022-11-30,wind_offshore,8171.0
2022-12-31,wind_offshore,8216.0
2023-01-31,wind_offshore,8254.0
2023-02-28,wind_offshore,8292.0
2023-03-31,wind_offshore,8359.0
2023-04-30,wind_offshore,8426.0
2023-05-31,wind_offshore,8445.0
2023-06-30,wind_offshore,8445.0
2023-07-31,wind_offshore,8445.0
2023-08-31,wind_offshore,8445.0
2023-09-30,wind_offshore,8445.0
2023-10-31,wind_offshore,8445.0
2023-11-30,wind_offshore,8473.0
2023-12-31,wind_offshore,8473.0
2024-01-31,wind_offshore,8473.0
2024-02-29,wind_offshore,8473.0
2024-03-31,wind_offshore,8473.0
2024-04-30,wind_offshore,8473.0
2024-05-31,wind_offshore,8695.0
2024-06-30,wind_offshore,8851.0
2024-07-31,wind_offshore,9040.0
2024-08-31,wind_offshore,9127.0
2024-09-30,wind_offshore,9215.0
2024-10-31,wind_offshore,9215.0
2024-11-30,wind_offshore,9215.0
2024-12-31,wind_offshore,9215.0
2025-01-31,wind_offshore,9215.0
2025-02-28,wind_offshore,9215.0
2025-03-31,wind_offshore,9215.0
2025-04-30,wind_offshore,9215.0
2025-05-31,wind_offshore,9215.0
2025-06-30,wind_offshore,9215.0
2025-07-31,wind_offshore,9215.0
2025-08-31,wind_offshore,9215.0
2025-09-30,wind_offshore,9215.0
2025-10-31,wind_offshore,9215.0
2025-11-30,wind_offshore,9230.0
2025-12-31,wind_offshore,9733.0
2026-01-31,wind_offshore,9904.0
2026-02-28,wind_offshore,10019.0
2026-03-31,wind_offshore,10201.0
2026-04-30,wind_offshore,10404.0
2026-05-31,wind_offshore,10616.0
2026-06-30,wind_offshore,10811.0
2026-07-31,wind_offshore,10927.0
2026-08-31,wind_offshore,10969.0
2015-01-31,wind_onshore,37835.0
2015-02-28,wind_onshore,38011.0
2015-03-31,wind_onshore,38216.0
2015-04-30,wind_onshore,38347.0
2015-05-31,wind_onshore,38502.0
2015-06-30,wind_onshore,38697.0
2015-07-31,wind_onshore,38879.0
2015-08-31,wind_onshore,39162.0
2015-09-30,wind_onshore,39490.0
2015-10-31,wind_onshore,39762.0
2015-11-30,wind_onshore,40270.0
2015-12-31,wind_onshore,41297.0
2016-01-31,wind_onshore,41410.0
2016-02-29,wind_onshore,41596.0
2016-03-31,wind_onshore,42102.0
2016-04-30,wind_onshore,42255.0
2016-05-31,wind_onshore,42518.0
2016-06-30,wind_onshore,43132.0
2016-07-31,wind_onshore,43199.0
2016-08-31,wind_onshore,43446.0
2016-09-30,wind_onshore,44093.0
2016-10-31,wind_onshore,44200.0
2016-11-30,wind_onshore,44493.0
2016-12-31,wind_onshore,45283.0
2017-01-31,wind_onshore,45534.0
2017-02-28,wind_onshore,45925.0
2017-03-31,wind_onshore,46267.0
2017-04-30,wind_onshore,46578.0
2017-05-31,wind_onshore,47099.0
2017-06-30,wind_onshore,47493.0
2017-07-31,wind_onshore,47896.0
2017-08-31,wind_onshore,48186.0
2017-09-30,wind_onshore,48983.0
2017-10-31,wind_onshore,49083.0
2017-11-30,wind_onshore,49390.0
2017-12-31,wind_onshore,50174.0
2018-01-31,wind_onshore,50278.0
2018-02-28,wind_onshore,50467.0
2018-03-31,wind_onshore,51088.0
2018-04-30,wind_onshore,51142.0
2018-05-31,wind_onshore,51229.0
2018-06-30,wind_onshore,51677.0
2018-07-31,wind_onshore,51696.0
2018-08-31,wind_onshore,51746.0
2018-09-30,wind_onshore,51990.0
2018-10-31,wind_onshore,52033.0
2018-11-30,wind_onshore,52124.0
2018-12-31,wind_onshore,52328.0
2019-01-31,wind_onshore,52378.0
2019-02-28,wind_onshore,52413.0
2019-03-31,wind_onshore,52456.0
2019-04-30,wind_onshore,52478.0
2019-05-31,wind_onshore,52500.0
2019-06-30,wind_onshore,52551.0
2019-07-31,wind_onshore,52611.0
2019-08-31,wind_onshore,52642.0
2019-09-30,wind_onshore,52757.0
2019-10-31,wind_onshore,52834.0
2019-11-30,wind_onshore,52938.0
2019-12-31,wind_onshore,53193.0
2020-01-31,wind_onshore,53294.0
2020-02-29,wind_onshore,53424.0
2020-03-31,wind_onshore,53508.0
2020-04-30,wind_onshore,53580.0
2020-05-31,wind_onshore,53656.0
2020-06-30,wind_onshore,53724.0
2020-07-31,wind_onshore,53785.0
2020-08-31,wind_onshore,53868.0
2020-09-30,wind_onshore,53937.0
2020-10-31,wind_onshore,54065.0
2020-11-30,wind_onshore,54242.0
2020-12-31,wind_onshore,54414.0
2021-01-31,wind_onshore,54494.0
2021-02-28,wind_onshore,54660.0
2021-03-31,wind_onshore,54865.0
2021-04-30,wind_onshore,54996.0
2021-05-31,wind_onshore,55056.0
2021-06-30,wind_onshore,55242.0
2021-07-31,wind_onshore,55358.0
2021-08-31,wind_onshore,55446.0
2021-09-30,wind_onshore,55559.0
2021-10-31,wind_onshore,55707.0
2021-11-30,wind_onshore,55805.0
2021-12-31,wind_onshore,56046.0
2022-01-31,wind_onshore,56124.0
2022-02-28,wind_onshore,56256.0
2022-03-31,wind_onshore,56360.0
2022-04-30,wind_onshore,56450.0
2022-05-31,wind_onshore,56635.0
2022-06-30,wind_onshore,56845.0
2022-07-31,wind_onshore,57011.0
2022-08-31,wind_onshore,57145.0
2022-09-30,wind_onshore,57370.0
2022-10-31,wind_onshore,57510.0
2022-11-30,wind_onshore,57742.0
2022-12-31,wind_onshore,58014.0
2023-01-31,wind_onshore,58064.0
2023-02-28,wind_onshore,58207.0
2023-03-31,wind_onshore,58476.0
2023-04-30,wind_onshore,58727.0
2023-05-31,wind_onshore,58996.0
2023-06-30,wind_onshore,59309.0
2023-07-31,wind_onshore,59507.0
2023-08-31,wind_onshore,59665.0
2023-09-30,wind_onshore,60024.0
2023-10-31,wind_onshore,60435.0
2023-11-30,wind_onshore,60642.0
2023-12-31,wind_onshore,61013.0
2024-01-31,wind_onshore,61134.0
2024-02-29,wind_onshore,61352.0
2024-03-31,wind_onshore,61548.0
2024-04-30,wind_onshore,61688.0
2024-05-31,wind_onshore,61740.0
2024-06-30,wind_onshore,61914.0
2024-07-31,wind_onshore,62126.0
2024-08-31,wind_onshore,62305.0
2024-09-30,wind_onshore,62515.0
2024-10-31,wind_onshore,62721.0
2024-11-30,wind_onshore,63185.0
2024-12-31,wind_onshore,63589.0
2025-01-31,wind_onshore,63782.0
2025-02-28,wind_onshore,64090.0
2025-03-31,wind_onshore,64448.0
2025-04-30,wind_onshore,64709.0
2025-05-31,wind_onshore,65078.0
2025-06-30,wind_onshore,65444.0
2025-07-31,wind_onshore,65783.0
2025-08-31,wind_onshore,66118.0
2025-09-30,wind_onshore,66452.0
2025-10-31,wind_onshore,67055.0
2025-11-30,wind_onshore,67411.0
2025-12-31,wind_onshore,68180.0
2026-01-31,wind_onshore,68369.0
2026-02-28,wind_onshore,68613.0
2026-03-31,wind_onshore,69065.0
2026-04-30,wind_onshore,69348.0
2026-05-31,wind_onshore,69681.0
2026-06-30,wind_onshore,70112.0
2026-07-31,wind_onshore,70476.0
2026-08-31,wind_onshore,70779.0
